Workbook

Sheet 5kB
A1: Nedelja | B1: PO | C1: UT | D1: SR | E1: CE | F1: PE | G1: SU | H1: NE
A2: 1 | B2: XT | C2: zagrevanje 10min@ZA; 3x(1200m@10K +2min@ZA); hlađenje 5min@HL | D2: A | E2: zagrevanje 10min@ZA; 8x(200m@5K +1min@ZA); hlađenje 5min@HL | F2: E | G2: zagrevanje 10min@ZA; 1x20min@21K; hlađenje 5min@HL | H2: L
A3: 2 | B3: E | C3: zagrevanje 10min@ZA; 16x(100m@1.5K + 1min@ZA); hlađenje 5min@HL | D3: A | E3: zagrevanje 10min@ZA; 6x(800m@5K +30sec@ZA); hlađenje 5min@HL | F3: E | G3: zagrevanje 10min@ZA; 2x(1600m@5K+1min@ZA); hlađenje 5min@HL | H3: L1
A4: 3 | B4: XT | C4: zagrevanje 10min@ZA; 4x(1600m@10K +2min@ZA); hlađenje 5min@HL | D4: A | E4: zagrevanje 10min@ZA; 4x(200m@3K + 400m@5K + 4min@ZA) hlađenje 5min@HL | F4: E | G4: zagrevanje 10min@ZA; 1x25min@5K; hlađenje 5min@HL | H4: L
A5: 4 | B5: E | C5: zagrevanje 10min@ZA; 10x(100m@1.5K + 2min@ZA); hlađenje 5min@HL | D5: A | E5: zagrevanje 10min@ZA; 12x(400m@5K +15sec@ZA); hlađenje 5min@HL | F5: E | G5: zagrevanje 10min@ZA; 2x(600m@3K +1000m@5K + 4min@ZA) hlađenje 5min@HL | H5: L1
A6: 5 | B6: XT | C6: zagrevanje 10min@ZA; 3x(2km@10K +2min@ZA); hlađenje 5min@HL | D6: A | E6: zagrevanje 10min@ZA; 6x(200m@1.5K + 400@3K + 4min@ZA) hlađenje 5min@HL | F6: E | G6: zagrevanje 10min@ZA; 1x30min@5K; hlađenje 5min@HL | H6: L
A7: 6 | B7: E | C7: zagrevanje 10min@ZA; 8x(200m@1.5K + 1min@ZA); hlađenje 5min@HL | D7: A1 | E7: zagrevanje 10min@ZA; 3x(6min@10K +3min@ZA); hlađenje 5min@HL | F7: E | G7: zagrevanje 10min@ZA; 3x(1600m@5K +1min@ZA); hlađenje 5min@HL | H7: L1
A8: 7 | B8: XT | C8: zagrevanje 10min@ZA; 5x(1km@5K + 1min@ZA); hlađenje 5min@HL | D8: A | E8: zagrevanje 10min@ZA; 8x(200m@3K +1min@ZA); hlađenje 5min@HL | F8: E | G8: odmor | H8: zagrevanje 10min@ZA; 5k@5K; hlađenje 5min@HL
A9: 8 | B9: E | C9: zagrevanje 10min@ZA; 8x(100m@1.5K + 2min@ZA); hlađenje 5min@HL | D9: A | E9: zagrevanje 10min@ZA; 6x(800m@5K +30sec@ZA); hlađenje 5min@HL | F9: E | G9: zagrevanje 10min@ZA; 3x(600m@5K +1000m@10K+4min@ZA); hlađenje 5min@HL | H9: L1
A10: 9 | B10: XT | C10: zagrevanje 10min@ZA; 2x(2k@5K + 2min@ZA); hlađenje 5min@HL | D10: A | E10: zagrevanje 10min@ZA; 5x(3min@3K + 3min@ZA); hlađenje 5min@HL | F10: E | G10: zagrevanje 10min@ZA; 30min@10K; hlađenje 5min@HL | H10: L
A11: 10 | B11: E1 | C11: zagrevanje 10min@ZA; 10x(200m@1.5K + 2min@ZA); hlađenje 5min@HL | D11: A1 | E11: zagrevanje 10min@ZA; 5x(1k@5K + 1min@ZA); hlađenje 5min@HL | F11: E | G11: zagrevanje 10min@ZA; 4x(400m@3K +400m@5K + 3min@ZA) hlađenje 5min@HL | H11: L
A12: 11 | B12: E | C12: zagrevanje 10min@ZA; 6x(1k@10K + 1min@ZA); hlađenje 5min@HL | D12: A | E12: zagrevanje 10min@ZA; 5x(3min@3K + 3min@ZA); hlađenje 5min@HL | F12: E | G12: odmor | H12: zagrevanje 10min@ZA; 25min@5K; hlađenje 5min@HL
A13: 12 | B13: A | C13: zagrevanje 10min@ZA; 10min@5K; hlađenje 5min@HL | D13: XT | E13: zagrevanje 10min@ZA; 3x(1.5min@5K + 1.5min@ZA); hlađenje 5min@HL | F13: odmor | G13: 3k@ZA; 3x100m ubrzanja Ubrzanja se trče po ravnoj stazi i sa snagom od 85%. U pauzi se ili hoda ili lagano trči i ne počinje se ponovo dok se potpuno ne odmori. | H13: Obavezno uraditi zagrevanje laganim trčanjem na samom startu barem 500m do 1km Trka: 5km
A14: Nedelja | B14: PO | C14: UT | D14: SR | E14: CE | F14: PE | G14: SU | H14: NE
A15: 1 | B15: =VLOOKUP(B2,Legenda!$A$1:$B$51,2,FALSE) -> Plivanje, bicikla, šetanje, vežbe snage, ... | C15: =SUBSTITUTE(SUBSTITUTE(SUBSTITUTE(SUBSTITUTE(SUBSTITUTE(SUBSTITUTE(SUBSTITUTE(SUBSTITUTE(C2,"1.5K",VO2max!B2),"3K",VO2max!C2),"5K",VO2max!D2),"10K",VO2max!E2),"21k",VO2max!F2),"42K",VO2max!G2),"ZA",VO2max!H2),"HL",VO2max!I2) -> zagrevanje 10min@7:30; 3x(1200m@6:20 +2min@7:30); hlađenje 5min@7:30 | D15: =VLOOKUP(D2,Legenda!$A$1:$B$51,2,FALSE) -> 5k@6:00 ili odmor | E15: =SUBSTITUTE(SUBSTITUTE(SUBSTITUTE(SUBSTITUTE(SUBSTITUTE(SUBSTITUTE(SUBSTITUTE(SUBSTITUTE(E2,"1.5K",VO2max!B2),"3K",VO2max!C2),"5K",VO2max!D2),"10K",VO2max!E2),"21k",VO2max!F2),"42K",VO2max!G2),"ZA",VO2max!H2),"HL",VO2max!I2) -> zagrevanje 10min@7:30; 8x(200m@6:05 +1min@7:30); hlađenje 5min@7:30 | F15: =VLOOKUP(F2,Legenda!$A$1:$B$51,2,FALSE) -> 5k@6:00 ili odmor | G15: =SUBSTITUTE(SUBSTITUTE(SUBSTITUTE(SUBSTITUTE(SUBSTITUTE(SUBSTITUTE(SUBSTITUTE(SUBSTITUTE(G2,"1.5K",VO2max!B2),"3K",VO2max!C2),"5K",VO2max!D2),"10K",VO2max!E2),"21K",VO2max!F2),"42K",VO2max!G2),"ZA",VO2max!H2),"HL",VO2max!I2) -> zagrevanje 10min@7:30; 1x20min@6:40; hlađenje 5min@7:30 | H15: =VLOOKUP(H2,Legenda!$A$1:$B$51,2,FALSE) -> 14k@6:00
A16: 2 | B16: =VLOOKUP(B3,Legenda!$A$1:$B$51,2,FALSE) -> 5k@6:00 ili odmor | C16: =SUBSTITUTE(SUBSTITUTE(SUBSTITUTE(SUBSTITUTE(SUBSTITUTE(SUBSTITUTE(SUBSTITUTE(SUBSTITUTE(C3,"1.5K",VO2max!B2),"3K",VO2max!C2),"5K",VO2max!D2),"10K",VO2max!E2),"21k",VO2max!F2),"42K",VO2max!G2),"ZA",VO2max!H2),"HL",VO2max!I2) -> zagrevanje 10min@7:30; 16x(100m@5:40 + 1min@7:30); hlađenje 5min@7:30 | D16: =VLOOKUP(D3,Legenda!$A$1:$B$51,2,FALSE) -> 5k@6:00 ili odmor | E16: =SUBSTITUTE(SUBSTITUTE(SUBSTITUTE(SUBSTITUTE(SUBSTITUTE(SUBSTITUTE(SUBSTITUTE(SUBSTITUTE(E3,"1.5K",VO2max!B2),"3K",VO2max!C2),"5K",VO2max!D2),"10K",VO2max!E2),"21k",VO2max!F2),"42K",VO2max!G2),"ZA",VO2max!H2),"HL",VO2max!I2) -> zagrevanje 10min@7:30; 6x(800m@6:05 +30sec@7:30); hlađenje 5min@7:30 | F16: =VLOOKUP(F3,Legenda!$A$1:$B$51,2,FALSE) -> 5k@6:00 ili odmor | G16: =SUBSTITUTE(SUBSTITUTE(SUBSTITUTE(SUBSTITUTE(SUBSTITUTE(SUBSTITUTE(SUBSTITUTE(SUBSTITUTE(G3,"1.5K",VO2max!B2),"3K",VO2max!C2),"5K",VO2max!D2),"10K",VO2max!E2),"21K",VO2max!F2),"42K",VO2max!G2),"ZA",VO2max!H2),"HL",VO2max!I2) -> zagrevanje 10min@7:30; 2x(1600m@6:05+1min@7:30); hlađenje 5min@7:30 | H16: =VLOOKUP(H3,Legenda!$A$1:$B$51,2,FALSE) -> 14k@6:00
A17: 3 | B17: =VLOOKUP(B4,Legenda!$A$1:$B$51,2,FALSE) -> Plivanje, bicikla, šetanje, vežbe snage, ... | C17: =SUBSTITUTE(SUBSTITUTE(SUBSTITUTE(SUBSTITUTE(SUBSTITUTE(SUBSTITUTE(SUBSTITUTE(SUBSTITUTE(C4,"1.5K",VO2max!B2),"3K",VO2max!C2),"5K",VO2max!D2),"10K",VO2max!E2),"21k",VO2max!F2),"42K",VO2max!G2),"ZA",VO2max!H2),"HL",VO2max!I2) -> zagrevanje 10min@7:30; 4x(1600m@6:20 +2min@7:30); hlađenje 5min@7:30 | D17: =VLOOKUP(D4,Legenda!$A$1:$B$51,2,FALSE) -> 5k@6:00 ili odmor | E17: =SUBSTITUTE(SUBSTITUTE(SUBSTITUTE(SUBSTITUTE(SUBSTITUTE(SUBSTITUTE(SUBSTITUTE(SUBSTITUTE(E4,"1.5K",VO2max!B2),"3K",VO2max!C2),"5K",VO2max!D2),"10K",VO2max!E2),"21k",VO2max!F2),"42K",VO2max!G2),"ZA",VO2max!H2),"HL",VO2max!I2) -> zagrevanje 10min@7:30; 4x(200m@6:00 + 400m@6:05 + 4min@7:30) hlađenje 5min@7:30 | F17: =VLOOKUP(F4,Legenda!$A$1:$B$51,2,FALSE) -> 5k@6:00 ili odmor | G17: =SUBSTITUTE(SUBSTITUTE(SUBSTITUTE(SUBSTITUTE(SUBSTITUTE(SUBSTITUTE(SUBSTITUTE(SUBSTITUTE(G4,"1.5K",VO2max!B2),"3K",VO2max!C2),"5K",VO2max!D2),"10K",VO2max!E2),"21K",VO2max!F2),"42K",VO2max!G2),"ZA",VO2max!H2),"HL",VO2max!I2) -> zagrevanje 10min@7:30; 1x25min@6:05; hlađenje 5min@7:30 | H17: =VLOOKUP(H4,Legenda!$A$1:$B$51,2,FALSE) -> 14k@6:00
A18: 4 | B18: =VLOOKUP(B5,Legenda!$A$1:$B$51,2,FALSE) -> 5k@6:00 ili odmor | C18: =SUBSTITUTE(SUBSTITUTE(SUBSTITUTE(SUBSTITUTE(SUBSTITUTE(SUBSTITUTE(SUBSTITUTE(SUBSTITUTE(C5,"1.5K",VO2max!B2),"3K",VO2max!C2),"5K",VO2max!D2),"10K",VO2max!E2),"21k",VO2max!F2),"42K",VO2max!G2),"ZA",VO2max!H2),"HL",VO2max!I2) -> zagrevanje 10min@7:30; 10x(100m@5:40 + 2min@7:30); hlađenje 5min@7:30 | D18: =VLOOKUP(D5,Legenda!$A$1:$B$51,2,FALSE) -> 5k@6:00 ili odmor | E18: =SUBSTITUTE(SUBSTITUTE(SUBSTITUTE(SUBSTITUTE(SUBSTITUTE(SUBSTITUTE(SUBSTITUTE(SUBSTITUTE(E5,"1.5K",VO2max!B2),"3K",VO2max!C2),"5K",VO2max!D2),"10K",VO2max!E2),"21k",VO2max!F2),"42K",VO2max!G2),"ZA",VO2max!H2),"HL",VO2max!I2) -> zagrevanje 10min@7:30; 12x(400m@6:05 +15sec@7:30); hlađenje 5min@7:30 | F18: =VLOOKUP(F5,Legenda!$A$1:$B$51,2,FALSE) -> 5k@6:00 ili odmor | G18: =SUBSTITUTE(SUBSTITUTE(SUBSTITUTE(SUBSTITUTE(SUBSTITUTE(SUBSTITUTE(SUBSTITUTE(SUBSTITUTE(G5,"1.5K",VO2max!B2),"3K",VO2max!C2),"5K",VO2max!D2),"10K",VO2max!E2),"21K",VO2max!F2),"42K",VO2max!G2),"ZA",VO2max!H2),"HL",VO2max!I2) -> zagrevanje 10min@7:30; 2x(600m@6:00 +1000m@6:05 + 4min@7:30) hlađenje 5min@7:30 | H18: =VLOOKUP(H5,Legenda!$A$1:$B$51,2,FALSE) -> 14k@6:00
A19: 5 | B19: =VLOOKUP(B6,Legenda!$A$1:$B$51,2,FALSE) -> Plivanje, bicikla, šetanje, vežbe snage, ... | C19: =SUBSTITUTE(SUBSTITUTE(SUBSTITUTE(SUBSTITUTE(SUBSTITUTE(SUBSTITUTE(SUBSTITUTE(SUBSTITUTE(C6,"1.5K",VO2max!B2),"3K",VO2max!C2),"5K",VO2max!D2),"10K",VO2max!E2),"21k",VO2max!F2),"42K",VO2max!G2),"ZA",VO2max!H2),"HL",VO2max!I2) -> zagrevanje 10min@7:30; 3x(2km@6:20 +2min@7:30); hlađenje 5min@7:30 | D19: =VLOOKUP(D6,Legenda!$A$1:$B$51,2,FALSE) -> 5k@6:00 ili odmor | E19: =SUBSTITUTE(SUBSTITUTE(SUBSTITUTE(SUBSTITUTE(SUBSTITUTE(SUBSTITUTE(SUBSTITUTE(SUBSTITUTE(E6,"1.5K",VO2max!B2),"3K",VO2max!C2),"5K",VO2max!D2),"10K",VO2max!E2),"21k",VO2max!F2),"42K",VO2max!G2),"ZA",VO2max!H2),"HL",VO2max!I2) -> zagrevanje 10min@7:30; 6x(200m@5:40 + 400@6:00 + 4min@7:30) hlađenje 5min@7:30 | F19: =VLOOKUP(F6,Legenda!$A$1:$B$51,2,FALSE) -> 5k@6:00 ili odmor | G19: =SUBSTITUTE(SUBSTITUTE(SUBSTITUTE(SUBSTITUTE(SUBSTITUTE(SUBSTITUTE(SUBSTITUTE(SUBSTITUTE(G6,"1.5K",VO2max!B2),"3K",VO2max!C2),"5K",VO2max!D2),"10K",VO2max!E2),"21K",VO2max!F2),"42K",VO2max!G2),"ZA",VO2max!H2),"HL",VO2max!I2) -> zagrevanje 10min@7:30; 1x30min@6:05; hlađenje 5min@7:30 | H19: =VLOOKUP(H6,Legenda!$A$1:$B$51,2,FALSE) -> 14k@6:00
A20: 6 | B20: =VLOOKUP(B7,Legenda!$A$1:$B$51,2,FALSE) -> 5k@6:00 ili odmor | C20: =SUBSTITUTE(SUBSTITUTE(SUBSTITUTE(SUBSTITUTE(SUBSTITUTE(SUBSTITUTE(SUBSTITUTE(SUBSTITUTE(C7,"1.5K",VO2max!B2),"3K",VO2max!C2),"5K",VO2max!D2),"10K",VO2max!E2),"21k",VO2max!F2),"42K",VO2max!G2),"ZA",VO2max!H2),"HL",VO2max!I2) -> zagrevanje 10min@7:30; 8x(200m@5:40 + 1min@7:30); hlađenje 5min@7:30 | D20: =VLOOKUP(D7,Legenda!$A$1:$B$51,2,FALSE) -> progresivno aerobno trčanje u 3 jednaka segmenta, od sporijeg ka bržem | E20: =SUBSTITUTE(SUBSTITUTE(SUBSTITUTE(SUBSTITUTE(SUBSTITUTE(SUBSTITUTE(SUBSTITUTE(SUBSTITUTE(E7,"1.5K",VO2max!B2),"3K",VO2max!C2),"5K",VO2max!D2),"10K",VO2max!E2),"21k",VO2max!F2),"42K",VO2max!G2),"ZA",VO2max!H2),"HL",VO2max!I2) -> zagrevanje 10min@7:30; 3x(6min@6:20 +3min@7:30); hlađenje 5min@7:30 | F20: =VLOOKUP(F7,Legenda!$A$1:$B$51,2,FALSE) -> 5k@6:00 ili odmor | G20: =SUBSTITUTE(SUBSTITUTE(SUBSTITUTE(SUBSTITUTE(SUBSTITUTE(SUBSTITUTE(SUBSTITUTE(SUBSTITUTE(G7,"1.5K",VO2max!B2),"3K",VO2max!C2),"5K",VO2max!D2),"10K",VO2max!E2),"21K",VO2max!F2),"42K",VO2max!G2),"ZA",VO2max!H2),"HL",VO2max!I2) -> zagrevanje 10min@7:30; 3x(1600m@6:05 +1min@7:30); hlađenje 5min@7:30 | H20: =VLOOKUP(H7,Legenda!$A$1:$B$51,2,FALSE) -> 14k@6:00
A21: 7 | B21: =VLOOKUP(B8,Legenda!$A$1:$B$51,2,FALSE) -> Plivanje, bicikla, šetanje, vežbe snage, ... | C21: =SUBSTITUTE(SUBSTITUTE(SUBSTITUTE(SUBSTITUTE(SUBSTITUTE(SUBSTITUTE(SUBSTITUTE(SUBSTITUTE(C8,"1.5K",VO2max!B2),"3K",VO2max!C2),"5K",VO2max!D2),"10K",VO2max!E2),"21k",VO2max!F2),"42K",VO2max!G2),"ZA",VO2max!H2),"HL",VO2max!I2) -> zagrevanje 10min@7:30; 5x(1km@6:05 + 1min@7:30); hlađenje 5min@7:30 | D21: =VLOOKUP(D8,Legenda!$A$1:$B$51,2,FALSE) -> 5k@6:00 ili odmor | E21: =SUBSTITUTE(SUBSTITUTE(SUBSTITUTE(SUBSTITUTE(SUBSTITUTE(SUBSTITUTE(SUBSTITUTE(SUBSTITUTE(E8,"1.5K",VO2max!B2),"3K",VO2max!C2),"5K",VO2max!D2),"10K",VO2max!E2),"21k",VO2max!F2),"42K",VO2max!G2),"ZA",VO2max!H2),"HL",VO2max!I2) -> zagrevanje 10min@7:30; 8x(200m@6:00 +1min@7:30); hlađenje 5min@7:30 | F21: =VLOOKUP(F8,Legenda!$A$1:$B$51,2,FALSE) -> 5k@6:00 ili odmor | G21: =SUBSTITUTE(SUBSTITUTE(SUBSTITUTE(SUBSTITUTE(SUBSTITUTE(SUBSTITUTE(SUBSTITUTE(SUBSTITUTE(G8,"1.5K",VO2max!B2),"3K",VO2max!C2),"5K",VO2max!D2),"10K",VO2max!E2),"21K",VO2max!F2),"42K",VO2max!G2),"ZA",VO2max!H2),"HL",VO2max!I2) -> odmor | H21: =VLOOKUP(H8,Legenda!$A$1:$B$51,2,FALSE) -> 0
A22: 8 | B22: =VLOOKUP(B9,Legenda!$A$1:$B$51,2,FALSE) -> 5k@6:00 ili odmor | C22: =SUBSTITUTE(SUBSTITUTE(SUBSTITUTE(SUBSTITUTE(SUBSTITUTE(SUBSTITUTE(SUBSTITUTE(SUBSTITUTE(C9,"1.5K",VO2max!B2),"3K",VO2max!C2),"5K",VO2max!D2),"10K",VO2max!E2),"21k",VO2max!F2),"42K",VO2max!G2),"ZA",VO2max!H2),"HL",VO2max!I2) -> zagrevanje 10min@7:30; 8x(100m@5:40 + 2min@7:30); hlađenje 5min@7:30 | D22: =VLOOKUP(D9,Legenda!$A$1:$B$51,2,FALSE) -> 5k@6:00 ili odmor | E22: =SUBSTITUTE(SUBSTITUTE(SUBSTITUTE(SUBSTITUTE(SUBSTITUTE(SUBSTITUTE(SUBSTITUTE(SUBSTITUTE(E9,"1.5K",VO2max!B2),"3K",VO2max!C2),"5K",VO2max!D2),"10K",VO2max!E2),"21k",VO2max!F2),"42K",VO2max!G2),"ZA",VO2max!H2),"HL",VO2max!I2) -> zagrevanje 10min@7:30; 6x(800m@6:05 +30sec@7:30); hlađenje 5min@7:30 | F22: =VLOOKUP(F9,Legenda!$A$1:$B$51,2,FALSE) -> 5k@6:00 ili odmor | G22: =SUBSTITUTE(SUBSTITUTE(SUBSTITUTE(SUBSTITUTE(SUBSTITUTE(SUBSTITUTE(SUBSTITUTE(SUBSTITUTE(G9,"1.5K",VO2max!B2),"3K",VO2max!C2),"5K",VO2max!D2),"10K",VO2max!E2),"21K",VO2max!F2),"42K",VO2max!G2),"ZA",VO2max!H2),"HL",VO2max!I2) -> zagrevanje 10min@7:30; 3x(600m@6:05 +1000m@6:20+4min@7:30); hlađenje 5min@7:30 | H22: =VLOOKUP(H9,Legenda!$A$1:$B$51,2,FALSE) -> 14k@6:00
A23: 9 | B23: =VLOOKUP(B10,Legenda!$A$1:$B$51,2,FALSE) -> Plivanje, bicikla, šetanje, vežbe snage, ... | C23: =SUBSTITUTE(SUBSTITUTE(SUBSTITUTE(SUBSTITUTE(SUBSTITUTE(SUBSTITUTE(SUBSTITUTE(SUBSTITUTE(C10,"1.5K",VO2max!B2),"3K",VO2max!C2),"5K",VO2max!D2),"10K",VO2max!E2),"21k",VO2max!F2),"42K",VO2max!G2),"ZA",VO2max!H2),"HL",VO2max!I2) -> zagrevanje 10min@7:30; 2x(2k@6:05 + 2min@7:30); hlađenje 5min@7:30 | D23: =VLOOKUP(D10,Legenda!$A$1:$B$51,2,FALSE) -> 5k@6:00 ili odmor | E23: =SUBSTITUTE(SUBSTITUTE(SUBSTITUTE(SUBSTITUTE(SUBSTITUTE(SUBSTITUTE(SUBSTITUTE(SUBSTITUTE(E10,"1.5K",VO2max!B2),"3K",VO2max!C2),"5K",VO2max!D2),"10K",VO2max!E2),"21k",VO2max!F2),"42K",VO2max!G2),"ZA",VO2max!H2),"HL",VO2max!I2) -> zagrevanje 10min@7:30; 5x(3min@6:00 + 3min@7:30); hlađenje 5min@7:30 | F23: =VLOOKUP(F10,Legenda!$A$1:$B$51,2,FALSE) -> 5k@6:00 ili odmor | G23: =SUBSTITUTE(SUBSTITUTE(SUBSTITUTE(SUBSTITUTE(SUBSTITUTE(SUBSTITUTE(SUBSTITUTE(SUBSTITUTE(G10,"1.5K",VO2max!B2),"3K",VO2max!C2),"5K",VO2max!D2),"10K",VO2max!E2),"21K",VO2max!F2),"42K",VO2max!G2),"ZA",VO2max!H2),"HL",VO2max!I2) -> zagrevanje 10min@7:30; 30min@6:20; hlađenje 5min@7:30 | H23: =VLOOKUP(H10,Legenda!$A$1:$B$51,2,FALSE) -> 14k@6:00
A24: 10 | B24: =VLOOKUP(B11,Legenda!$A$1:$B$51,2,FALSE) -> 5k@6:00, 4-6 x 100m ubrzanja na kraju treninga | C24: =SUBSTITUTE(SUBSTITUTE(SUBSTITUTE(SUBSTITUTE(SUBSTITUTE(SUBSTITUTE(SUBSTITUTE(SUBSTITUTE(C11,"1.5K",VO2max!B2),"3K",VO2max!C2),"5K",VO2max!D2),"10K",VO2max!E2),"21k",VO2max!F2),"42K",VO2max!G2),"ZA",VO2max!H2),"HL",VO2max!I2) -> zagrevanje 10min@7:30; 10x(200m@5:40 + 2min@7:30); hlađenje 5min@7:30 | D24: =VLOOKUP(D11,Legenda!$A$1:$B$51,2,FALSE) -> progresivno aerobno trčanje u 3 jednaka segmenta, od sporijeg ka bržem | E24: =SUBSTITUTE(SUBSTITUTE(SUBSTITUTE(SUBSTITUTE(SUBSTITUTE(SUBSTITUTE(SUBSTITUTE(SUBSTITUTE(E11,"1.5K",VO2max!B2),"3K",VO2max!C2),"5K",VO2max!D2),"10K",VO2max!E2),"21k",VO2max!F2),"42K",VO2max!G2),"ZA",VO2max!H2),"HL",VO2max!I2) -> zagrevanje 10min@7:30; 5x(1k@6:05 + 1min@7:30); hlađenje 5min@7:30 | F24: =VLOOKUP(F11,Legenda!$A$1:$B$51,2,FALSE) -> 5k@6:00 ili odmor | G24: =SUBSTITUTE(SUBSTITUTE(SUBSTITUTE(SUBSTITUTE(SUBSTITUTE(SUBSTITUTE(SUBSTITUTE(SUBSTITUTE(G11,"1.5K",VO2max!B2),"3K",VO2max!C2),"5K",VO2max!D2),"10K",VO2max!E2),"21K",VO2max!F2),"42K",VO2max!G2),"ZA",VO2max!H2),"HL",VO2max!I2) -> zagrevanje 10min@7:30; 4x(400m@6:00 +400m@6:05 + 3min@7:30) hlađenje 5min@7:30 | H24: =VLOOKUP(H11,Legenda!$A$1:$B$51,2,FALSE) -> 14k@6:00
A25: 11 | B25: =VLOOKUP(B12,Legenda!$A$1:$B$51,2,FALSE) -> 5k@6:00 ili odmor | C25: =SUBSTITUTE(SUBSTITUTE(SUBSTITUTE(SUBSTITUTE(SUBSTITUTE(SUBSTITUTE(SUBSTITUTE(SUBSTITUTE(C12,"1.5K",VO2max!B2),"3K",VO2max!C2),"5K",VO2max!D2),"10K",VO2max!E2),"21k",VO2max!F2),"42K",VO2max!G2),"ZA",VO2max!H2),"HL",VO2max!I2) -> zagrevanje 10min@7:30; 6x(1k@6:20 + 1min@7:30); hlađenje 5min@7:30 | D25: =VLOOKUP(D12,Legenda!$A$1:$B$51,2,FALSE) -> 5k@6:00 ili odmor | E25: =SUBSTITUTE(SUBSTITUTE(SUBSTITUTE(SUBSTITUTE(SUBSTITUTE(SUBSTITUTE(SUBSTITUTE(SUBSTITUTE(E12,"1.5K",VO2max!B2),"3K",VO2max!C2),"5K",VO2max!D2),"10K",VO2max!E2),"21k",VO2max!F2),"42K",VO2max!G2),"ZA",VO2max!H2),"HL",VO2max!I2) -> zagrevanje 10min@7:30; 5x(3min@6:00 + 3min@7:30); hlađenje 5min@7:30 | F25: =VLOOKUP(F12,Legenda!$A$1:$B$51,2,FALSE) -> 5k@6:00 ili odmor | G25: =SUBSTITUTE(SUBSTITUTE(SUBSTITUTE(SUBSTITUTE(SUBSTITUTE(SUBSTITUTE(SUBSTITUTE(SUBSTITUTE(G12,"1.5K",VO2max!B2),"3K",VO2max!C2),"5K",VO2max!D2),"10K",VO2max!E2),"21K",VO2max!F2),"42K",VO2max!G2),"ZA",VO2max!H2),"HL",VO2max!I2) -> odmor | H25: =VLOOKUP(H12,Legenda!$A$1:$B$51,2,FALSE) -> 0
A26: 12 | B26: =VLOOKUP(B13,Legenda!$A$1:$B$51,2,FALSE) -> 5k@6:00 ili odmor | C26: =SUBSTITUTE(SUBSTITUTE(SUBSTITUTE(SUBSTITUTE(SUBSTITUTE(SUBSTITUTE(SUBSTITUTE(SUBSTITUTE(C13,"1.5K",VO2max!B3),"3K",VO2max!C3),"5K",VO2max!D3),"10K",VO2max!E3),"21k",VO2max!F3),"42K",VO2max!G3),"ZA",VO2max!H3),"HL",VO2max!I3) -> zagrevanje 10min@; 10min@; hlađenje 5min@ | D26: =VLOOKUP(D13,Legenda!$A$1:$B$51,2,FALSE) -> Plivanje, bicikla, šetanje, vežbe snage, ... | E26: =SUBSTITUTE(SUBSTITUTE(SUBSTITUTE(SUBSTITUTE(SUBSTITUTE(SUBSTITUTE(SUBSTITUTE(SUBSTITUTE(E13,"1.5K",VO2max!B3),"3K",VO2max!C3),"5K",VO2max!D3),"10K",VO2max!E3),"21k",VO2max!F3),"42K",VO2max!G3),"ZA",VO2max!H3),"HL",VO2max!I3) -> zagrevanje 10min@; 3x(1.5min@ + 1.5min@); hlađenje 5min@ | F26: =VLOOKUP(F13,Legenda!$A$1:$B$51,2,FALSE) -> odmor | G26: =SUBSTITUTE(SUBSTITUTE(SUBSTITUTE(SUBSTITUTE(SUBSTITUTE(SUBSTITUTE(SUBSTITUTE(SUBSTITUTE(G13,"1.5K",VO2max!B3),"3K",VO2max!C3),"5K",VO2max!D3),"10K",VO2max!E3),"21K",VO2max!F3),"42K",VO2max!G3),"ZA",VO2max!H3),"HL",VO2max!I3) -> 3k@; 3x100m ubrzanja Ubrzanja se trče po ravnoj stazi i sa snagom od 85%. U pauzi se ili hoda ili lagano trči i ne počinje se ponovo dok se potpuno ne odmori. | H26: =VLOOKUP(H13,Legenda!$A$1:$B$51,2,FALSE) -> 0

Sheet 5kB-templ
A1: Nedelja | B1: DAN | C1: Trening | G1: Nedelja | H1: DAN | I1: Trening
A2: 1 | B2: Ponedeljak | C2: ='5kB'!B15 -> Plivanje, bicikla, šetanje, vežbe snage, ... | G2: 1 | H2: Ponedeljak | I2: Plivanje, bicikla, šetanje, vežbe snage, ...
B3: Utorak | C3: ='5kB'!C15 -> zagrevanje 10min@7:30; 3x(1200m@6:20 +2min@7:30); hlađenje 5min@7:30 | H3: Utorak | I3: zagrevanje 10min@7:30; 3x(1200m@6:20 +2min@7:30); hlađenje 5min@7:30
B4: Sreda | C4: ='5kB'!D15 -> 5k@6:00 ili odmor | H4: Sreda | I4: 5k@6:00 ili odmor
B5: Četvrtak | C5: ='5kB'!E15 -> zagrevanje 10min@7:30; 8x(200m@6:05 +1min@7:30); hlađenje 5min@7:30 | H5: Četvrtak | I5: zagrevanje 10min@7:30; 8x(200m@6:05 +1min@7:30); hlađenje 5min@7:30
B6: Petak | C6: ='5kB'!F15 -> 5k@6:00 ili odmor | H6: Petak | I6: 5k@6:00 ili odmor
B7: Subota | C7: ='5kB'!G15 -> zagrevanje 10min@7:30; 1x20min@6:40; hlađenje 5min@7:30 | H7: Subota | I7: zagrevanje 10min@7:30; 1x20min@6:40; hlađenje 5min@7:30
B8: Nedelja | C8: ='5kB'!H15 -> 14k@6:00 | H8: Nedelja | I8: 14k@6:00
A9: Nedelja | B9: DAN | C9: Trening | G9: Nedelja | H9: DAN | I9: Trening
A10: 2 | B10: Ponedeljak | C10: ='5kB'!B16 -> 5k@6:00 ili odmor | G10: 2 | H10: Ponedeljak | I10: 5k@6:00 ili odmor
B11: Utorak | C11: ='5kB'!C16 -> zagrevanje 10min@7:30; 16x(100m@5:40 + 1min@7:30); hlađenje 5min@7:30 | H11: Utorak | I11: zagrevanje 10min@7:30; 16x(100m@5:40 + 1min@7:30); hlađenje 5min@7:30
B12: Sreda | C12: ='5kB'!D16 -> 5k@6:00 ili odmor | H12: Sreda | I12: 5k@6:00 ili odmor
B13: Četvrtak | C13: ='5kB'!E16 -> zagrevanje 10min@7:30; 6x(800m@6:05 +30sec@7:30); hlađenje 5min@7:30 | H13: Četvrtak | I13: zagrevanje 10min@7:30; 6x(800m@6:05 +30sec@7:30); hlađenje 5min@7:30
B14: Petak | C14: ='5kB'!F16 -> 5k@6:00 ili odmor | H14: Petak | I14: 5k@6:00 ili odmor
B15: Subota | C15: ='5kB'!G16 -> zagrevanje 10min@7:30; 2x(1600m@6:05+1min@7:30); hlađenje 5min@7:30 | H15: Subota | I15: zagrevanje 10min@7:30; 2x(1600m@6:05+1min@7:30); hlađenje 5min@7:30
B16: Nedelja | C16: ='5kB'!H16 -> 14k@6:00 | H16: Nedelja | I16: 14k@6:00
A17: Nedelja | B17: DAN | C17: Trening | G17: Nedelja | H17: DAN | I17: Trening
A18: 3 | B18: Ponedeljak | C18: ='5kB'!B17 -> Plivanje, bicikla, šetanje, vežbe snage, ... | G18: 3 | H18: Ponedeljak | I18: Plivanje, bicikla, šetanje, vežbe snage, ...
B19: Utorak | C19: ='5kB'!C17 -> zagrevanje 10min@7:30; 4x(1600m@6:20 +2min@7:30); hlađenje 5min@7:30 | H19: Utorak | I19: zagrevanje 10min@7:30; 4x(1600m@6:20 +2min@7:30); hlađenje 5min@7:30
B20: Sreda | C20: ='5kB'!D17 -> 5k@6:00 ili odmor | H20: Sreda | I20: 5k@6:00 ili odmor
B21: Četvrtak | C21: ='5kB'!E17 -> zagrevanje 10min@7:30; 4x(200m@6:00 + 400m@6:05 + 4min@7:30) hlađenje 5min@7:30 | H21: Četvrtak | I21: zagrevanje 10min@7:30; 4x(200m@6:00 + 400m@6:05 + 4min@7:30) hlađenje 5min@7:30
B22: Petak | C22: ='5kB'!F17 -> 5k@6:00 ili odmor | H22: Petak | I22: 5k@6:00 ili odmor
B23: Subota | C23: ='5kB'!G17 -> zagrevanje 10min@7:30; 1x25min@6:05; hlađenje 5min@7:30 | H23: Subota | I23: zagrevanje 10min@7:30; 1x25min@6:05; hlađenje 5min@7:30
B24: Nedelja | C24: ='5kB'!H17 -> 14k@6:00 | H24: Nedelja | I24: 14k@6:00
A25: Nedelja | B25: DAN | C25: Trening | G25: Nedelja | H25: DAN | I25: Trening
A26: 4 | B26: Ponedeljak | C26: ='5kB'!B18 -> 5k@6:00 ili odmor | G26: 4 | H26: Ponedeljak | I26: 5k@6:00 ili odmor
B27: Utorak | C27: ='5kB'!C18 -> zagrevanje 10min@7:30; 10x(100m@5:40 + 2min@7:30); hlađenje 5min@7:30 | H27: Utorak | I27: zagrevanje 10min@7:30; 10x(100m@5:40 + 2min@7:30); hlađenje 5min@7:30
B28: Sreda | C28: ='5kB'!D18 -> 5k@6:00 ili odmor | H28: Sreda | I28: 5k@6:00 ili odmor
B29: Četvrtak | C29: ='5kB'!E18 -> zagrevanje 10min@7:30; 12x(400m@6:05 +15sec@7:30); hlađenje 5min@7:30 | H29: Četvrtak | I29: zagrevanje 10min@7:30; 12x(400m@6:05 +15sec@7:30); hlađenje 5min@7:30
B30: Petak | C30: ='5kB'!F18 -> 5k@6:00 ili odmor | H30: Petak | I30: 5k@6:00 ili odmor
B31: Subota | C31: ='5kB'!G18 -> zagrevanje 10min@7:30; 2x(600m@6:00 +1000m@6:05 + 4min@7:30) hlađenje 5min@7:30 | H31: Subota | I31: zagrevanje 10min@7:30; 2x(600m@6:00 +1000m@6:05 + 4min@7:30) hlađenje 5min@7:30
B32: Nedelja | C32: ='5kB'!H18 -> 14k@6:00 | H32: Nedelja | I32: 14k@6:00
A33: Nedelja | B33: DAN | C33: Trening | G33: Nedelja | H33: DAN | I33: Trening
A34: 5 | B34: Ponedeljak | C34: ='5kB'!B19 -> Plivanje, bicikla, šetanje, vežbe snage, ... | G34: 5 | H34: Ponedeljak | I34: Plivanje, bicikla, šetanje, vežbe snage, ...
B35: Utorak | C35: ='5kB'!C19 -> zagrevanje 10min@7:30; 3x(2km@6:20 +2min@7:30); hlađenje 5min@7:30 | H35: Utorak | I35: zagrevanje 10min@7:30; 3x(2km@6:20 +2min@7:30); hlađenje 5min@7:30
B36: Sreda | C36: ='5kB'!D19 -> 5k@6:00 ili odmor | H36: Sreda | I36: 5k@6:00 ili odmor
B37: Četvrtak | C37: ='5kB'!E19 -> zagrevanje 10min@7:30; 6x(200m@5:40 + 400@6:00 + 4min@7:30) hlađenje 5min@7:30 | H37: Četvrtak | I37: zagrevanje 10min@7:30; 6x(200m@5:40 + 400@6:00 + 4min@7:30) hlađenje 5min@7:30
B38: Petak | C38: ='5kB'!F19 -> 5k@6:00 ili odmor | H38: Petak | I38: 5k@6:00 ili odmor
B39: Subota | C39: ='5kB'!G19 -> zagrevanje 10min@7:30; 1x30min@6:05; hlađenje 5min@7:30 | H39: Subota | I39: zagrevanje 10min@7:30; 1x30min@6:05; hlađenje 5min@7:30
B40: Nedelja | C40: ='5kB'!H19 -> 14k@6:00 | H40: Nedelja | I40: 14k@6:00
A41: Nedelja | B41: DAN | C41: Trening | G41: Nedelja | H41: DAN | I41: Trening
A42: 6 | B42: Ponedeljak | C42: ='5kB'!B20 -> 5k@6:00 ili odmor | G42: 6 | H42: Ponedeljak | I42: 5k@6:00 ili odmor
B43: Utorak | C43: ='5kB'!C20 -> zagrevanje 10min@7:30; 8x(200m@5:40 + 1min@7:30); hlađenje 5min@7:30 | H43: Utorak | I43: zagrevanje 10min@7:30; 8x(200m@5:40 + 1min@7:30); hlađenje 5min@7:30
B44: Sreda | C44: ='5kB'!D20 -> progresivno aerobno trčanje u 3 jednaka segmenta, od sporijeg ka bržem | H44: Sreda | I44: progresivno aerobno trčanje u 3 jednaka segmenta, od sporijeg ka bržem
B45: Četvrtak | C45: ='5kB'!E20 -> zagrevanje 10min@7:30; 3x(6min@6:20 +3min@7:30); hlađenje 5min@7:30 | H45: Četvrtak | I45: zagrevanje 10min@7:30; 3x(6min@6:20 +3min@7:30); hlađenje 5min@7:30
B46: Petak | C46: ='5kB'!F20 -> 5k@6:00 ili odmor | H46: Petak | I46: 5k@6:00 ili odmor
B47: Subota | C47: ='5kB'!G20 -> zagrevanje 10min@7:30; 3x(1600m@6:05 +1min@7:30); hlađenje 5min@7:30 | H47: Subota | I47: zagrevanje 10min@7:30; 3x(1600m@6:05 +1min@7:30); hlađenje 5min@7:30
B48: Nedelja | C48: ='5kB'!H20 -> 14k@6:00 | H48: Nedelja | I48: 14k@6:00
A49: Nedelja | B49: DAN | C49: Trening | G49: Nedelja | H49: DAN | I49: Trening
A50: 7 | B50: Ponedeljak | C50: ='5kB'!B21 -> Plivanje, bicikla, šetanje, vežbe snage, ... | G50: 7 | H50: Ponedeljak | I50: Plivanje, bicikla, šetanje, vežbe snage, ...
B51: Utorak | C51: ='5kB'!C21 -> zagrevanje 10min@7:30; 5x(1km@6:05 + 1min@7:30); hlađenje 5min@7:30 | H51: Utorak | I51: zagrevanje 10min@7:30; 5x(1km@6:05 + 1min@7:30); hlađenje 5min@7:30
B52: Sreda | C52: ='5kB'!D21 -> 5k@6:00 ili odmor | H52: Sreda | I52: 5k@6:00 ili odmor
B53: Četvrtak | C53: ='5kB'!E21 -> zagrevanje 10min@7:30; 8x(200m@6:00 +1min@7:30); hlađenje 5min@7:30 | H53: Četvrtak | I53: zagrevanje 10min@7:30; 8x(200m@6:00 +1min@7:30); hlađenje 5min@7:30
B54: Petak | C54: ='5kB'!F21 -> 5k@6:00 ili odmor | H54: Petak | I54: 5k@6:00 ili odmor
B55: Subota | C55: ='5kB'!G21 -> odmor | H55: Subota | I55: odmor
B56: Nedelja | C56: ='5kB'!H21 -> 0 | H56: Nedelja | I56: 0
A57: Nedelja | B57: DAN | C57: Trening | G57: Nedelja | H57: DAN | I57: Trening
A58: 8 | B58: Ponedeljak | C58: ='5kB'!B22 -> 5k@6:00 ili odmor | G58: 8 | H58: Ponedeljak | I58: 5k@6:00 ili odmor
B59: Utorak | C59: ='5kB'!C22 -> zagrevanje 10min@7:30; 8x(100m@5:40 + 2min@7:30); hlađenje 5min@7:30 | H59: Utorak | I59: zagrevanje 10min@7:30; 8x(100m@5:40 + 2min@7:30); hlađenje 5min@7:30
B60: Sreda | C60: ='5kB'!D22 -> 5k@6:00 ili odmor | H60: Sreda | I60: 5k@6:00 ili odmor
B61: Četvrtak | C61: ='5kB'!E22 -> zagrevanje 10min@7:30; 6x(800m@6:05 +30sec@7:30); hlađenje 5min@7:30 | H61: Četvrtak | I61: zagrevanje 10min@7:30; 6x(800m@6:05 +30sec@7:30); hlađenje 5min@7:30
B62: Petak | C62: ='5kB'!F22 -> 5k@6:00 ili odmor | H62: Petak | I62: 5k@6:00 ili odmor
B63: Subota | C63: ='5kB'!G22 -> zagrevanje 10min@7:30; 3x(600m@6:05 +1000m@6:20+4min@7:30); hlađenje 5min@7:30 | H63: Subota | I63: zagrevanje 10min@7:30; 3x(600m@6:05 +1000m@6:20+4min@7:30); hlađenje 5min@7:30
B64: Nedelja | C64: ='5kB'!H22 -> 14k@6:00 | H64: Nedelja | I64: 14k@6:00
A65: Nedelja | B65: DAN | C65: Trening | G65: Nedelja | H65: DAN | I65: Trening
A66: 9 | B66: Ponedeljak | C66: ='5kB'!B23 -> Plivanje, bicikla, šetanje, vežbe snage, ... | G66: 9 | H66: Ponedeljak | I66: Plivanje, bicikla, šetanje, vežbe snage, ...
B67: Utorak | C67: ='5kB'!C23 -> zagrevanje 10min@7:30; 2x(2k@6:05 + 2min@7:30); hlađenje 5min@7:30 | H67: Utorak | I67: zagrevanje 10min@7:30; 2x(2k@6:05 + 2min@7:30); hlađenje 5min@7:30
B68: Sreda | C68: ='5kB'!D23 -> 5k@6:00 ili odmor | H68: Sreda | I68: 5k@6:00 ili odmor
B69: Četvrtak | C69: ='5kB'!E23 -> zagrevanje 10min@7:30; 5x(3min@6:00 + 3min@7:30); hlađenje 5min@7:30 | H69: Četvrtak | I69: zagrevanje 10min@7:30; 5x(3min@6:00 + 3min@7:30); hlađenje 5min@7:30
B70: Petak | C70: ='5kB'!F23 -> 5k@6:00 ili odmor | H70: Petak | I70: 5k@6:00 ili odmor
B71: Subota | C71: ='5kB'!G23 -> zagrevanje 10min@7:30; 30min@6:20; hlađenje 5min@7:30 | H71: Subota | I71: zagrevanje 10min@7:30; 30min@6:20; hlađenje 5min@7:30
B72: Nedelja | C72: ='5kB'!H23 -> 14k@6:00 | H72: Nedelja | I72: 14k@6:00
A73: Nedelja | B73: DAN | C73: Trening | G73: Nedelja | H73: DAN | I73: Trening
A74: 10 | B74: Ponedeljak | C74: ='5kB'!B24 -> 5k@6:00, 4-6 x 100m ubrzanja na kraju treninga | G74: 10 | H74: Ponedeljak | I74: 5k@6:00, 4-6 x 100m ubrzanja na kraju treninga
B75: Utorak | C75: ='5kB'!C24 -> zagrevanje 10min@7:30; 10x(200m@5:40 + 2min@7:30); hlađenje 5min@7:30 | H75: Utorak | I75: zagrevanje 10min@7:30; 10x(200m@5:40 + 2min@7:30); hlađenje 5min@7:30
B76: Sreda | C76: ='5kB'!D24 -> progresivno aerobno trčanje u 3 jednaka segmenta, od sporijeg ka bržem | H76: Sreda | I76: progresivno aerobno trčanje u 3 jednaka segmenta, od sporijeg ka bržem
B77: Četvrtak | C77: ='5kB'!E24 -> zagrevanje 10min@7:30; 5x(1k@6:05 + 1min@7:30); hlađenje 5min@7:30 | H77: Četvrtak | I77: zagrevanje 10min@7:30; 5x(1k@6:05 + 1min@7:30); hlađenje 5min@7:30
B78: Petak | C78: ='5kB'!F24 -> 5k@6:00 ili odmor | H78: Petak | I78: 5k@6:00 ili odmor
B79: Subota | C79: ='5kB'!G24 -> zagrevanje 10min@7:30; 4x(400m@6:00 +400m@6:05 + 3min@7:30) hlađenje 5min@7:30 | H79: Subota | I79: zagrevanje 10min@7:30; 4x(400m@6:00 +400m@6:05 + 3min@7:30) hlađenje 5min@7:30
B80: Nedelja | C80: ='5kB'!H24 -> 14k@6:00 | H80: Nedelja | I80: 14k@6:00
A81: Nedelja | B81: DAN | C81: Trening | G81: Nedelja | H81: DAN | I81: Trening
A82: 11 | B82: Ponedeljak | C82: ='5kB'!B25 -> 5k@6:00 ili odmor | G82: 11 | H82: Ponedeljak | I82: 5k@6:00 ili odmor
B83: Utorak | C83: ='5kB'!C25 -> zagrevanje 10min@7:30; 6x(1k@6:20 + 1min@7:30); hlađenje 5min@7:30 | H83: Utorak | I83: zagrevanje 10min@7:30; 6x(1k@6:20 + 1min@7:30); hlađenje 5min@7:30
B84: Sreda | C84: ='5kB'!D25 -> 5k@6:00 ili odmor | H84: Sreda | I84: 5k@6:00 ili odmor
B85: Četvrtak | C85: ='5kB'!E25 -> zagrevanje 10min@7:30; 5x(3min@6:00 + 3min@7:30); hlađenje 5min@7:30 | H85: Četvrtak | I85: zagrevanje 10min@7:30; 5x(3min@6:00 + 3min@7:30); hlađenje 5min@7:30
B86: Petak | C86: ='5kB'!F25 -> 5k@6:00 ili odmor | H86: Petak | I86: 5k@6:00 ili odmor
B87: Subota | C87: ='5kB'!G25 -> odmor | H87: Subota | I87: odmor
B88: Nedelja | C88: ='5kB'!H25 -> 0 | H88: Nedelja | I88: 0
A89: Nedelja | B89: DAN | C89: Trening | G89: Nedelja | H89: DAN | I89: Trening
A90: 12 | B90: Ponedeljak | C90: ='5kB'!B26 -> 5k@6:00 ili odmor | G90: 12 | H90: Ponedeljak | I90: 5k@6:00 ili odmor
B91: Utorak | C91: ='5kB'!C26 -> zagrevanje 10min@; 10min@; hlađenje 5min@ | H91: Utorak | I91: zagrevanje 10min@; 10min@; hlađenje 5min@
B92: Sreda | C92: ='5kB'!D26 -> Plivanje, bicikla, šetanje, vežbe snage, ... | H92: Sreda | I92: Plivanje, bicikla, šetanje, vežbe snage, ...
B93: Četvrtak | C93: ='5kB'!E26 -> zagrevanje 10min@; 3x(1.5min@ + 1.5min@); hlađenje 5min@ | H93: Četvrtak | I93: zagrevanje 10min@; 3x(1.5min@ + 1.5min@); hlađenje 5min@
B94: Petak | C94: ='5kB'!F26 -> odmor | H94: Petak | I94: odmor
B95: Subota | C95: ='5kB'!G26 -> 3k@; 3x100m ubrzanja Ubrzanja se trče po ravnoj stazi i sa snagom od 85%. U pauzi se ili hoda ili lagano trči i ne počinje se ponovo dok se potpuno ne odmori. | H95: Subota | I95: 3k@; 3x100m ubrzanja Ubrzanja se trče po ravnoj stazi i sa snagom od 85%. U pauzi se ili hoda ili lagano trči i ne počinje se ponovo dok se potpuno ne odmori.
B96: Nedelja | C96: ='5kB'!H26 -> 0 | H96: Nedelja | I96: 0

Sheet 21kC-proba
A1: Nedelja | B1: PO | C1: UT | D1: SR | E1: CE | F1: PE | G1: SU | H1: NE | K1: Vo2max | L1: 1.5K | M1: 3K | N1: 5K | O1: 10k | P1: 21k | Q1: 42k | R1: 1.5K pace | S1: 3K pace | T1: 5K pace | U1: 10kpace | V1: 21kpace | W1: 42kpace
A2: 1 | B2: A | C2: 2x10min@10K +4min odmor | K2: 45 | L2: 5:56 | M2: 12:40 | N2: 21:50 | O2: 45:16 | P2: 1:40:20 | Q2: 3:28:26 | R2: =L2/1.5 -> 0.16481481 | S2: =M2/3 -> 0.17592593 | T2: =N2/5 -> 0.18194444 | U2: =O2/10 -> 0.18861111 | V2: =MID(TEXT(P2/21.1,"hh:mm:ss"),5,7) -> 4:45 | W2: =MID(TEXT(Q2/42.2,"hh:mm:ss"),5,7) -> 4:56
K3: 46 | L3: 0.24236111 | M3: 0.51805556 | N3: 0.89236111 | O3: 44:25 | P3: 1:38:27 | Q3: 3:24:39
A9: Nedelja | B9: PO | C9: UT | D9: SR | E9: CE | F9: PE | G9: SU | H9: NE | I9: pom10k | J9: pom10k | K9: pom10k | L9: pom5k
C10: =SUBSTITUTE(C2,"10K",J10) -> #REF! | I10: =VLOOKUP(VO2max!A2,K:W,11,FALSE) -> #REF! | J10: =MID(TEXT(I10,"hh:mm:ss AM/PM"),2,4) -> #REF! | K10: =MID(TEXT(VLOOKUP(VO2max!A2,K:W,11,FALSE),"hh:mm:ss AM/PM"),2,4) -> #REF!
C13: =SUBSTITUTE(C2,"10K",J13) -> 2x10min@5:00 +4min odmor | I13: =VLOOKUP(VO2max!A2,VO2maxPace!$A$1:$M$50,11,FALSE) -> 0.20854167 | J13: =MID(TEXT(I13,"hh:mm:ss AM/PM"),2,4) -> 5:00 | K13: =MID(TEXT(VLOOKUP(VO2max!A2,VO2maxPace!$A$1:$M$50,11,FALSE),"hh:mm:ss AM/PM"),2,4) -> 5:00
I15: =VO2maxPace!A2 -> 45
C16: =SUBSTITUTE(SUBSTITUTE(SUBSTITUTE(SUBSTITUTE(SUBSTITUTE(SUBSTITUTE(C2,"1.5K",VO2max!B2),"3K",VO2max!C2),"5K",VO2max!D2),"10K",VO2max!E2),"21k",VO2max!F2),"42K",VO2max!G2) -> 2x10min@6:20 +4min odmor
C18: =VO2max!E2 -> 6:20

Sheet 21kC
A1: Nedelja | B1: PO | C1: UT | D1: SR | E1: CE | F1: PE | G1: SU | H1: NE
A2: 1 | B2: A | C2: zagrevanje 15min@ZA; 2x10min@10K +4min odmor; hlađenje 10min@HL
A9: Nedelja | B9: PO | C9: UT | D9: SR | E9: CE | F9: PE | G9: SU | H9: NE
A10: 1 | C10: =SUBSTITUTE(SUBSTITUTE(SUBSTITUTE(SUBSTITUTE(SUBSTITUTE(SUBSTITUTE(SUBSTITUTE(SUBSTITUTE(C2,"1.5K",VO2max!B2),"3K",VO2max!C2),"5K",VO2max!D2),"10K",VO2max!E2),"21k",VO2max!F2),"42K",VO2max!G2),"ZA",VO2max!H2),"HL",VO2max!I2) -> zagrevanje 15min@7:30; 2x10min@6:20 +4min odmor; hlađenje 10min@7:30

Sheet 21kB
A1: Nedelja | B1: PO | C1: UT | D1: SR | E1: CE | F1: PE | G1: SU | H1: NE
A2: 1 | B2: XT | C2: zagrevanje 15min@ZA; 2x(10min@10K +4min@ZA); hlađenje 10min@HL | D2: A | E2: zagrevanje 15min@ZA; 8x(400m@5K +1min@ZA); hlađenje 10min@HL | F2: E | G2: zagrevanje 15min@ZA; 1x30min@21K; hlađenje 10min@HL | H2: L
A3: 2 | B3: E | C3: zagrevanje 15min@ZA; 16x(100m@3K + 1min@ZA); hlađenje 10min@HL | D3: A | E3: zagrevanje 15min@ZA; 6x(800m@5K +30sec@ZA); hlađenje 10min@HL | F3: E | G3: zagrevanje 15min@ZA; 2x(3km@10K+4min@ZA); hlađenje 10min@HL | H3: L1
A4: 3 | B4: XT | C4: zagrevanje 15min@ZA; 3x(10min@10K +4min@ZA); hlađenje 10min@HL | D4: A | E4: zagrevanje 15min@ZA; 2x(800m@10K + 600m@5K + 4min@ZA) hlađenje 10min@HL | F4: E | G4: zagrevanje 15min@ZA; 1x40min@21K; hlađenje 10min@HL | H4: L
A5: 4 | B5: E | C5: zagrevanje 15min@ZA; 10x(200m@5K + 2min@ZA); hlađenje 10min@HL | D5: A | E5: zagrevanje 15min@ZA; 12x(400m@5K +15sec@ZA); hlađenje 10min@HL | F5: E | G5: zagrevanje 15min@ZA; 2x(400m@5K +800m@10K+3200m@21K + 4min@ZA) hlađenje 10min@HL | H5: L1
A6: 5 | B6: XT | C6: zagrevanje 15min@ZA; 4x(2km@10K +3min@ZA); hlađenje 10min@HL | D6: A | E6: zagrevanje 15min@ZA; 2x(200m@1.5K + 400@3K + 4min@ZA) hlađenje 10min@HL | F6: E | G6: zagrevanje 15min@ZA; 1x50min@21K; hlađenje 10min@HL | H6: L
A7: 6 | B7: E | C7: zagrevanje 15min@ZA; 10x(200m@3K + 1min@ZA); hlađenje 10min@HL | D7: A1 | E7: zagrevanje 15min@ZA; 4x(8min@10K +4min@ZA); hlađenje 10min@HL | F7: E | G7: zagrevanje 15min@ZA; 3x(1600m@5K +1min@ZA); hlađenje 10min@HL | H7: L1
A8: 7 | B8: XT | C8: zagrevanje 15min@ZA; 7x(1km@10K + 1min@ZA); hlađenje 10min@HL | D8: A | E8: zagrevanje 15min@ZA; 8x(200m@3K +1min@ZA); hlađenje 10min@HL | F8: E | G8: odmor | H8: zagrevanje 10min@ZA; 10k@10K; hlađenje 10min@HL
A9: 8 | B9: E | C9: zagrevanje 15min@ZA; 8x(100m@3K + 2min@ZA); hlađenje 10min@HL | D9: A | E9: zagrevanje 15min@ZA; 6x(800m@5K +30sec@ZA); hlađenje 10min@HL | F9: E | G9: zagrevanje 15min@ZA; 3x(400m@5K +800m@10K+3200m@21K+4min@ZA); hlađenje 10min@HL | H9: L1
A10: 9 | B10: XT | C10: zagrevanje 15min@ZA; 4x(2k@10K + 2min@ZA); hlađenje 10min@HL | D10: A | E10: zagrevanje 15min@ZA; 5x(3min@3K + 3min@ZA); hlađenje 10min@HL | F10: E | G10: zagrevanje 10min@ZA; 60min@21K; hlađenje 10min@HL | H10: L
A11: 10 | B11: E1 | C11: zagrevanje 15min@ZA; 12x(200m@3K + 1min@ZA); hlađenje 10min@HL | D11: A1 | E11: zagrevanje 15min@ZA; 7x(1k@10K + 2min@ZA); hlađenje 10min@HL | F11: E | G11: zagrevanje 10min@ZA; 30min@21K; hlađenje 10min@HL | H11: L
A12: 11 | B12: E | C12: zagrevanje 15min@ZA; 7x(1k@10K + 1min@ZA); hlađenje 10min@HL | D12: A | E12: zagrevanje 15min@ZA; 5x(3min@3K + 3min@ZA); hlađenje 10min@HL | F12: E | G12: odmor | H12: zagrevanje 10min@ZA; 5k@5K; hlađenje 10min@HL
A13: 12 | B13: A | C13: zagrevanje 10min@ZA; 20min@21K; hlađenje 10min@HL | D13: XT | E13: zagrevanje 15min@ZA; 3x(1.5min@5K + 1.5min@ZA); hlađenje 10min@HL | F13: odmor | G13: 3k@ZA; 3x100m ubrzanja Ubrzanja se trče po ravnoj stazi i sa snagom od 85%. U pauzi se ili hoda ili lagano trči i ne počinje se ponovo dok se potpuno ne odmori. | H13: Obavezno uraditi zagrevanje laganim trčanjem na samom startu barem 1km Trka: 21.1km
A14: Nedelja | B14: PO | C14: UT | D14: SR | E14: CE | F14: PE | G14: SU | H14: NE
A15: 1 | B15: =VLOOKUP(B2,Legenda!$A$1:$B$51,2,FALSE) -> Plivanje, bicikla, šetanje, vežbe snage, ... | C15: =SUBSTITUTE(SUBSTITUTE(SUBSTITUTE(SUBSTITUTE(SUBSTITUTE(SUBSTITUTE(SUBSTITUTE(SUBSTITUTE(C2,"1.5K",VO2max!B2),"3K",VO2max!C2),"5K",VO2max!D2),"10K",VO2max!E2),"21k",VO2max!F2),"42K",VO2max!G2),"ZA",VO2max!H2),"HL",VO2max!I2) -> zagrevanje 15min@7:30; 2x(10min@6:20 +4min@7:30); hlađenje 10min@7:30 | D15: =VLOOKUP(D2,Legenda!$A$1:$B$51,2,FALSE) -> 5k@6:00 ili odmor | E15: =SUBSTITUTE(SUBSTITUTE(SUBSTITUTE(SUBSTITUTE(SUBSTITUTE(SUBSTITUTE(SUBSTITUTE(SUBSTITUTE(E2,"1.5K",VO2max!B2),"3K",VO2max!C2),"5K",VO2max!D2),"10K",VO2max!E2),"21k",VO2max!F2),"42K",VO2max!G2),"ZA",VO2max!H2),"HL",VO2max!I2) -> zagrevanje 15min@7:30; 8x(400m@6:05 +1min@7:30); hlađenje 10min@7:30 | F15: =VLOOKUP(F2,Legenda!$A$1:$B$51,2,FALSE) -> 5k@6:00 ili odmor | G15: =SUBSTITUTE(SUBSTITUTE(SUBSTITUTE(SUBSTITUTE(SUBSTITUTE(SUBSTITUTE(SUBSTITUTE(SUBSTITUTE(G2,"1.5K",VO2max!B2),"3K",VO2max!C2),"5K",VO2max!D2),"10K",VO2max!E2),"21K",VO2max!F2),"42K",VO2max!G2),"ZA",VO2max!H2),"HL",VO2max!I2) -> zagrevanje 15min@7:30; 1x30min@6:40; hlađenje 10min@7:30 | H15: =VLOOKUP(H2,Legenda!$A$1:$B$51,2,FALSE) -> 14k@6:00
A16: 2 | B16: =VLOOKUP(B3,Legenda!$A$1:$B$51,2,FALSE) -> 5k@6:00 ili odmor | C16: =SUBSTITUTE(SUBSTITUTE(SUBSTITUTE(SUBSTITUTE(SUBSTITUTE(SUBSTITUTE(SUBSTITUTE(SUBSTITUTE(C3,"1.5K",VO2max!B2),"3K",VO2max!C2),"5K",VO2max!D2),"10K",VO2max!E2),"21k",VO2max!F2),"42K",VO2max!G2),"ZA",VO2max!H2),"HL",VO2max!I2) -> zagrevanje 15min@7:30; 16x(100m@6:00 + 1min@7:30); hlađenje 10min@7:30 | D16: =VLOOKUP(D3,Legenda!$A$1:$B$51,2,FALSE) -> 5k@6:00 ili odmor | E16: =SUBSTITUTE(SUBSTITUTE(SUBSTITUTE(SUBSTITUTE(SUBSTITUTE(SUBSTITUTE(SUBSTITUTE(SUBSTITUTE(E3,"1.5K",VO2max!B2),"3K",VO2max!C2),"5K",VO2max!D2),"10K",VO2max!E2),"21k",VO2max!F2),"42K",VO2max!G2),"ZA",VO2max!H2),"HL",VO2max!I2) -> zagrevanje 15min@7:30; 6x(800m@6:05 +30sec@7:30); hlađenje 10min@7:30 | F16: =VLOOKUP(F3,Legenda!$A$1:$B$51,2,FALSE) -> 5k@6:00 ili odmor | G16: =SUBSTITUTE(SUBSTITUTE(SUBSTITUTE(SUBSTITUTE(SUBSTITUTE(SUBSTITUTE(SUBSTITUTE(SUBSTITUTE(G3,"1.5K",VO2max!B2),"3K",VO2max!C2),"5K",VO2max!D2),"10K",VO2max!E2),"21K",VO2max!F2),"42K",VO2max!G2),"ZA",VO2max!H2),"HL",VO2max!I2) -> zagrevanje 15min@7:30; 2x(3km@6:20+4min@7:30); hlađenje 10min@7:30 | H16: =VLOOKUP(H3,Legenda!$A$1:$B$51,2,FALSE) -> 14k@6:00
A17: 3 | B17: =VLOOKUP(B4,Legenda!$A$1:$B$51,2,FALSE) -> Plivanje, bicikla, šetanje, vežbe snage, ... | C17: =SUBSTITUTE(SUBSTITUTE(SUBSTITUTE(SUBSTITUTE(SUBSTITUTE(SUBSTITUTE(SUBSTITUTE(SUBSTITUTE(C4,"1.5K",VO2max!B2),"3K",VO2max!C2),"5K",VO2max!D2),"10K",VO2max!E2),"21k",VO2max!F2),"42K",VO2max!G2),"ZA",VO2max!H2),"HL",VO2max!I2) -> zagrevanje 15min@7:30; 3x(10min@6:20 +4min@7:30); hlađenje 10min@7:30 | D17: =VLOOKUP(D4,Legenda!$A$1:$B$51,2,FALSE) -> 5k@6:00 ili odmor | E17: =SUBSTITUTE(SUBSTITUTE(SUBSTITUTE(SUBSTITUTE(SUBSTITUTE(SUBSTITUTE(SUBSTITUTE(SUBSTITUTE(E4,"1.5K",VO2max!B2),"3K",VO2max!C2),"5K",VO2max!D2),"10K",VO2max!E2),"21k",VO2max!F2),"42K",VO2max!G2),"ZA",VO2max!H2),"HL",VO2max!I2) -> zagrevanje 15min@7:30; 2x(800m@6:20 + 600m@6:05 + 4min@7:30) hlađenje 10min@7:30 | F17: =VLOOKUP(F4,Legenda!$A$1:$B$51,2,FALSE) -> 5k@6:00 ili odmor | G17: =SUBSTITUTE(SUBSTITUTE(SUBSTITUTE(SUBSTITUTE(SUBSTITUTE(SUBSTITUTE(SUBSTITUTE(SUBSTITUTE(G4,"1.5K",VO2max!B2),"3K",VO2max!C2),"5K",VO2max!D2),"10K",VO2max!E2),"21K",VO2max!F2),"42K",VO2max!G2),"ZA",VO2max!H2),"HL",VO2max!I2) -> zagrevanje 15min@7:30; 1x40min@6:40; hlađenje 10min@7:30 | H17: =VLOOKUP(H4,Legenda!$A$1:$B$51,2,FALSE) -> 14k@6:00
A18: 4 | B18: =VLOOKUP(B5,Legenda!$A$1:$B$51,2,FALSE) -> 5k@6:00 ili odmor | C18: =SUBSTITUTE(SUBSTITUTE(SUBSTITUTE(SUBSTITUTE(SUBSTITUTE(SUBSTITUTE(SUBSTITUTE(SUBSTITUTE(C5,"1.5K",VO2max!B2),"3K",VO2max!C2),"5K",VO2max!D2),"10K",VO2max!E2),"21k",VO2max!F2),"42K",VO2max!G2),"ZA",VO2max!H2),"HL",VO2max!I2) -> zagrevanje 15min@7:30; 10x(200m@6:05 + 2min@7:30); hlađenje 10min@7:30 | D18: =VLOOKUP(D5,Legenda!$A$1:$B$51,2,FALSE) -> 5k@6:00 ili odmor | E18: =SUBSTITUTE(SUBSTITUTE(SUBSTITUTE(SUBSTITUTE(SUBSTITUTE(SUBSTITUTE(SUBSTITUTE(SUBSTITUTE(E5,"1.5K",VO2max!B2),"3K",VO2max!C2),"5K",VO2max!D2),"10K",VO2max!E2),"21k",VO2max!F2),"42K",VO2max!G2),"ZA",VO2max!H2),"HL",VO2max!I2) -> zagrevanje 15min@7:30; 12x(400m@6:05 +15sec@7:30); hlađenje 10min@7:30 | F18: =VLOOKUP(F5,Legenda!$A$1:$B$51,2,FALSE) -> 5k@6:00 ili odmor | G18: =SUBSTITUTE(SUBSTITUTE(SUBSTITUTE(SUBSTITUTE(SUBSTITUTE(SUBSTITUTE(SUBSTITUTE(SUBSTITUTE(G5,"1.5K",VO2max!B2),"3K",VO2max!C2),"5K",VO2max!D2),"10K",VO2max!E2),"21K",VO2max!F2),"42K",VO2max!G2),"ZA",VO2max!H2),"HL",VO2max!I2) -> zagrevanje 15min@7:30; 2x(400m@6:05 +800m@6:20+3200m@6:40 + 4min@7:30) hlađenje 10min@7:30 | H18: =VLOOKUP(H5,Legenda!$A$1:$B$51,2,FALSE) -> 14k@6:00
A19: 5 | B19: =VLOOKUP(B6,Legenda!$A$1:$B$51,2,FALSE) -> Plivanje, bicikla, šetanje, vežbe snage, ... | C19: =SUBSTITUTE(SUBSTITUTE(SUBSTITUTE(SUBSTITUTE(SUBSTITUTE(SUBSTITUTE(SUBSTITUTE(SUBSTITUTE(C6,"1.5K",VO2max!B2),"3K",VO2max!C2),"5K",VO2max!D2),"10K",VO2max!E2),"21k",VO2max!F2),"42K",VO2max!G2),"ZA",VO2max!H2),"HL",VO2max!I2) -> zagrevanje 15min@7:30; 4x(2km@6:20 +3min@7:30); hlađenje 10min@7:30 | D19: =VLOOKUP(D6,Legenda!$A$1:$B$51,2,FALSE) -> 5k@6:00 ili odmor | E19: =SUBSTITUTE(SUBSTITUTE(SUBSTITUTE(SUBSTITUTE(SUBSTITUTE(SUBSTITUTE(SUBSTITUTE(SUBSTITUTE(E6,"1.5K",VO2max!B2),"3K",VO2max!C2),"5K",VO2max!D2),"10K",VO2max!E2),"21k",VO2max!F2),"42K",VO2max!G2),"ZA",VO2max!H2),"HL",VO2max!I2) -> zagrevanje 15min@7:30; 2x(200m@5:40 + 400@6:00 + 4min@7:30) hlađenje 10min@7:30 | F19: =VLOOKUP(F6,Legenda!$A$1:$B$51,2,FALSE) -> 5k@6:00 ili odmor | G19: =SUBSTITUTE(SUBSTITUTE(SUBSTITUTE(SUBSTITUTE(SUBSTITUTE(SUBSTITUTE(SUBSTITUTE(SUBSTITUTE(G6,"1.5K",VO2max!B2),"3K",VO2max!C2),"5K",VO2max!D2),"10K",VO2max!E2),"21K",VO2max!F2),"42K",VO2max!G2),"ZA",VO2max!H2),"HL",VO2max!I2) -> zagrevanje 15min@7:30; 1x50min@6:40; hlađenje 10min@7:30 | H19: =VLOOKUP(H6,Legenda!$A$1:$B$51,2,FALSE) -> 14k@6:00
A20: 6 | B20: =VLOOKUP(B7,Legenda!$A$1:$B$51,2,FALSE) -> 5k@6:00 ili odmor | C20: =SUBSTITUTE(SUBSTITUTE(SUBSTITUTE(SUBSTITUTE(SUBSTITUTE(SUBSTITUTE(SUBSTITUTE(SUBSTITUTE(C7,"1.5K",VO2max!B2),"3K",VO2max!C2),"5K",VO2max!D2),"10K",VO2max!E2),"21k",VO2max!F2),"42K",VO2max!G2),"ZA",VO2max!H2),"HL",VO2max!I2) -> zagrevanje 15min@7:30; 10x(200m@6:00 + 1min@7:30); hlađenje 10min@7:30 | D20: =VLOOKUP(D7,Legenda!$A$1:$B$51,2,FALSE) -> progresivno aerobno trčanje u 3 jednaka segmenta, od sporijeg ka bržem | E20: =SUBSTITUTE(SUBSTITUTE(SUBSTITUTE(SUBSTITUTE(SUBSTITUTE(SUBSTITUTE(SUBSTITUTE(SUBSTITUTE(E7,"1.5K",VO2max!B2),"3K",VO2max!C2),"5K",VO2max!D2),"10K",VO2max!E2),"21k",VO2max!F2),"42K",VO2max!G2),"ZA",VO2max!H2),"HL",VO2max!I2) -> zagrevanje 15min@7:30; 4x(8min@6:20 +4min@7:30); hlađenje 10min@7:30 | F20: =VLOOKUP(F7,Legenda!$A$1:$B$51,2,FALSE) -> 5k@6:00 ili odmor | G20: =SUBSTITUTE(SUBSTITUTE(SUBSTITUTE(SUBSTITUTE(SUBSTITUTE(SUBSTITUTE(SUBSTITUTE(SUBSTITUTE(G7,"1.5K",VO2max!B2),"3K",VO2max!C2),"5K",VO2max!D2),"10K",VO2max!E2),"21K",VO2max!F2),"42K",VO2max!G2),"ZA",VO2max!H2),"HL",VO2max!I2) -> zagrevanje 15min@7:30; 3x(1600m@6:05 +1min@7:30); hlađenje 10min@7:30 | H20: =VLOOKUP(H7,Legenda!$A$1:$B$51,2,FALSE) -> 14k@6:00
A21: 7 | B21: =VLOOKUP(B8,Legenda!$A$1:$B$51,2,FALSE) -> Plivanje, bicikla, šetanje, vežbe snage, ... | C21: =SUBSTITUTE(SUBSTITUTE(SUBSTITUTE(SUBSTITUTE(SUBSTITUTE(SUBSTITUTE(SUBSTITUTE(SUBSTITUTE(C8,"1.5K",VO2max!B2),"3K",VO2max!C2),"5K",VO2max!D2),"10K",VO2max!E2),"21k",VO2max!F2),"42K",VO2max!G2),"ZA",VO2max!H2),"HL",VO2max!I2) -> zagrevanje 15min@7:30; 7x(1km@6:20 + 1min@7:30); hlađenje 10min@7:30 | D21: =VLOOKUP(D8,Legenda!$A$1:$B$51,2,FALSE) -> 5k@6:00 ili odmor | E21: =SUBSTITUTE(SUBSTITUTE(SUBSTITUTE(SUBSTITUTE(SUBSTITUTE(SUBSTITUTE(SUBSTITUTE(SUBSTITUTE(E8,"1.5K",VO2max!B2),"3K",VO2max!C2),"5K",VO2max!D2),"10K",VO2max!E2),"21k",VO2max!F2),"42K",VO2max!G2),"ZA",VO2max!H2),"HL",VO2max!I2) -> zagrevanje 15min@7:30; 8x(200m@6:00 +1min@7:30); hlađenje 10min@7:30 | F21: =VLOOKUP(F8,Legenda!$A$1:$B$51,2,FALSE) -> 5k@6:00 ili odmor | G21: =SUBSTITUTE(SUBSTITUTE(SUBSTITUTE(SUBSTITUTE(SUBSTITUTE(SUBSTITUTE(SUBSTITUTE(SUBSTITUTE(G8,"1.5K",VO2max!B2),"3K",VO2max!C2),"5K",VO2max!D2),"10K",VO2max!E2),"21K",VO2max!F2),"42K",VO2max!G2),"ZA",VO2max!H2),"HL",VO2max!I2) -> odmor | H21: =VLOOKUP(H8,Legenda!$A$1:$B$51,2,FALSE) -> zagrevanje 10min@ZA; 10k@10K; hlađenje 10min@HL
A22: 8 | B22: =VLOOKUP(B9,Legenda!$A$1:$B$51,2,FALSE) -> 5k@6:00 ili odmor | C22: =SUBSTITUTE(SUBSTITUTE(SUBSTITUTE(SUBSTITUTE(SUBSTITUTE(SUBSTITUTE(SUBSTITUTE(SUBSTITUTE(C9,"1.5K",VO2max!B2),"3K",VO2max!C2),"5K",VO2max!D2),"10K",VO2max!E2),"21k",VO2max!F2),"42K",VO2max!G2),"ZA",VO2max!H2),"HL",VO2max!I2) -> zagrevanje 15min@7:30; 8x(100m@6:00 + 2min@7:30); hlađenje 10min@7:30 | D22: =VLOOKUP(D9,Legenda!$A$1:$B$51,2,FALSE) -> 5k@6:00 ili odmor | E22: =SUBSTITUTE(SUBSTITUTE(SUBSTITUTE(SUBSTITUTE(SUBSTITUTE(SUBSTITUTE(SUBSTITUTE(SUBSTITUTE(E9,"1.5K",VO2max!B2),"3K",VO2max!C2),"5K",VO2max!D2),"10K",VO2max!E2),"21k",VO2max!F2),"42K",VO2max!G2),"ZA",VO2max!H2),"HL",VO2max!I2) -> zagrevanje 15min@7:30; 6x(800m@6:05 +30sec@7:30); hlađenje 10min@7:30 | F22: =VLOOKUP(F9,Legenda!$A$1:$B$51,2,FALSE) -> 5k@6:00 ili odmor | G22: =SUBSTITUTE(SUBSTITUTE(SUBSTITUTE(SUBSTITUTE(SUBSTITUTE(SUBSTITUTE(SUBSTITUTE(SUBSTITUTE(G9,"1.5K",VO2max!B2),"3K",VO2max!C2),"5K",VO2max!D2),"10K",VO2max!E2),"21K",VO2max!F2),"42K",VO2max!G2),"ZA",VO2max!H2),"HL",VO2max!I2) -> zagrevanje 15min@7:30; 3x(400m@6:05 +800m@6:20+3200m@6:40+4min@7:30); hlađenje 10min@7:30 | H22: =VLOOKUP(H9,Legenda!$A$1:$B$51,2,FALSE) -> 14k@6:00
A23: 9 | B23: =VLOOKUP(B10,Legenda!$A$1:$B$51,2,FALSE) -> Plivanje, bicikla, šetanje, vežbe snage, ... | C23: =SUBSTITUTE(SUBSTITUTE(SUBSTITUTE(SUBSTITUTE(SUBSTITUTE(SUBSTITUTE(SUBSTITUTE(SUBSTITUTE(C10,"1.5K",VO2max!B2),"3K",VO2max!C2),"5K",VO2max!D2),"10K",VO2max!E2),"21k",VO2max!F2),"42K",VO2max!G2),"ZA",VO2max!H2),"HL",VO2max!I2) -> zagrevanje 15min@7:30; 4x(2k@6:20 + 2min@7:30); hlađenje 10min@7:30 | D23: =VLOOKUP(D10,Legenda!$A$1:$B$51,2,FALSE) -> 5k@6:00 ili odmor | E23: =SUBSTITUTE(SUBSTITUTE(SUBSTITUTE(SUBSTITUTE(SUBSTITUTE(SUBSTITUTE(SUBSTITUTE(SUBSTITUTE(E10,"1.5K",VO2max!B2),"3K",VO2max!C2),"5K",VO2max!D2),"10K",VO2max!E2),"21k",VO2max!F2),"42K",VO2max!G2),"ZA",VO2max!H2),"HL",VO2max!I2) -> zagrevanje 15min@7:30; 5x(3min@6:00 + 3min@7:30); hlađenje 10min@7:30 | F23: =VLOOKUP(F10,Legenda!$A$1:$B$51,2,FALSE) -> 5k@6:00 ili odmor | G23: =SUBSTITUTE(SUBSTITUTE(SUBSTITUTE(SUBSTITUTE(SUBSTITUTE(SUBSTITUTE(SUBSTITUTE(SUBSTITUTE(G10,"1.5K",VO2max!B2),"3K",VO2max!C2),"5K",VO2max!D2),"10K",VO2max!E2),"21K",VO2max!F2),"42K",VO2max!G2),"ZA",VO2max!H2),"HL",VO2max!I2) -> zagrevanje 10min@7:30; 60min@6:40; hlađenje 10min@7:30 | H23: =VLOOKUP(H10,Legenda!$A$1:$B$51,2,FALSE) -> 14k@6:00
A24: 10 | B24: =VLOOKUP(B11,Legenda!$A$1:$B$51,2,FALSE) -> 5k@6:00, 4-6 x 100m ubrzanja na kraju treninga | C24: =SUBSTITUTE(SUBSTITUTE(SUBSTITUTE(SUBSTITUTE(SUBSTITUTE(SUBSTITUTE(SUBSTITUTE(SUBSTITUTE(C11,"1.5K",VO2max!B2),"3K",VO2max!C2),"5K",VO2max!D2),"10K",VO2max!E2),"21k",VO2max!F2),"42K",VO2max!G2),"ZA",VO2max!H2),"HL",VO2max!I2) -> zagrevanje 15min@7:30; 12x(200m@6:00 + 1min@7:30); hlađenje 10min@7:30 | D24: =VLOOKUP(D11,Legenda!$A$1:$B$51,2,FALSE) -> progresivno aerobno trčanje u 3 jednaka segmenta, od sporijeg ka bržem | E24: =SUBSTITUTE(SUBSTITUTE(SUBSTITUTE(SUBSTITUTE(SUBSTITUTE(SUBSTITUTE(SUBSTITUTE(SUBSTITUTE(E11,"1.5K",VO2max!B2),"3K",VO2max!C2),"5K",VO2max!D2),"10K",VO2max!E2),"21k",VO2max!F2),"42K",VO2max!G2),"ZA",VO2max!H2),"HL",VO2max!I2) -> zagrevanje 15min@7:30; 7x(1k@6:20 + 2min@7:30); hlađenje 10min@7:30 | F24: =VLOOKUP(F11,Legenda!$A$1:$B$51,2,FALSE) -> 5k@6:00 ili odmor | G24: =SUBSTITUTE(SUBSTITUTE(SUBSTITUTE(SUBSTITUTE(SUBSTITUTE(SUBSTITUTE(SUBSTITUTE(SUBSTITUTE(G11,"1.5K",VO2max!B2),"3K",VO2max!C2),"5K",VO2max!D2),"10K",VO2max!E2),"21K",VO2max!F2),"42K",VO2max!G2),"ZA",VO2max!H2),"HL",VO2max!I2) -> zagrevanje 10min@7:30; 30min@6:40; hlađenje 10min@7:30 | H24: =VLOOKUP(H11,Legenda!$A$1:$B$51,2,FALSE) -> 14k@6:00
A25: 11 | B25: =VLOOKUP(B12,Legenda!$A$1:$B$51,2,FALSE) -> 5k@6:00 ili odmor | C25: =SUBSTITUTE(SUBSTITUTE(SUBSTITUTE(SUBSTITUTE(SUBSTITUTE(SUBSTITUTE(SUBSTITUTE(SUBSTITUTE(C12,"1.5K",VO2max!B2),"3K",VO2max!C2),"5K",VO2max!D2),"10K",VO2max!E2),"21k",VO2max!F2),"42K",VO2max!G2),"ZA",VO2max!H2),"HL",VO2max!I2) -> zagrevanje 15min@7:30; 7x(1k@6:20 + 1min@7:30); hlađenje 10min@7:30 | D25: =VLOOKUP(D12,Legenda!$A$1:$B$51,2,FALSE) -> 5k@6:00 ili odmor | E25: =SUBSTITUTE(SUBSTITUTE(SUBSTITUTE(SUBSTITUTE(SUBSTITUTE(SUBSTITUTE(SUBSTITUTE(SUBSTITUTE(E12,"1.5K",VO2max!B2),"3K",VO2max!C2),"5K",VO2max!D2),"10K",VO2max!E2),"21k",VO2max!F2),"42K",VO2max!G2),"ZA",VO2max!H2),"HL",VO2max!I2) -> zagrevanje 15min@7:30; 5x(3min@6:00 + 3min@7:30); hlađenje 10min@7:30 | F25: =VLOOKUP(F12,Legenda!$A$1:$B$51,2,FALSE) -> 5k@6:00 ili odmor | G25: =SUBSTITUTE(SUBSTITUTE(SUBSTITUTE(SUBSTITUTE(SUBSTITUTE(SUBSTITUTE(SUBSTITUTE(SUBSTITUTE(G12,"1.5K",VO2max!B2),"3K",VO2max!C2),"5K",VO2max!D2),"10K",VO2max!E2),"21K",VO2max!F2),"42K",VO2max!G2),"ZA",VO2max!H2),"HL",VO2max!I2) -> odmor | H25: =VLOOKUP(H12,Legenda!$A$1:$B$51,2,FALSE) -> zagrevanje 10min@ZA; 5k@5K; hlađenje 10min@HL
A26: 12 | B26: =VLOOKUP(B13,Legenda!$A$1:$B$51,2,FALSE) -> 5k@6:00 ili odmor | C26: =SUBSTITUTE(SUBSTITUTE(SUBSTITUTE(SUBSTITUTE(SUBSTITUTE(SUBSTITUTE(SUBSTITUTE(SUBSTITUTE(C13,"1.5K",VO2max!B3),"3K",VO2max!C3),"5K",VO2max!D3),"10K",VO2max!E3),"21k",VO2max!F3),"42K",VO2max!G3),"ZA",VO2max!H3),"HL",VO2max!I3) -> zagrevanje 10min@; 20min@21K; hlađenje 10min@ | D26: =VLOOKUP(D13,Legenda!$A$1:$B$51,2,FALSE) -> Plivanje, bicikla, šetanje, vežbe snage, ... | E26: =SUBSTITUTE(SUBSTITUTE(SUBSTITUTE(SUBSTITUTE(SUBSTITUTE(SUBSTITUTE(SUBSTITUTE(SUBSTITUTE(E13,"1.5K",VO2max!B3),"3K",VO2max!C3),"5K",VO2max!D3),"10K",VO2max!E3),"21k",VO2max!F3),"42K",VO2max!G3),"ZA",VO2max!H3),"HL",VO2max!I3) -> zagrevanje 15min@; 3x(1.5min@ + 1.5min@); hlađenje 10min@ | F26: =VLOOKUP(F13,Legenda!$A$1:$B$51,2,FALSE) -> odmor | G26: =SUBSTITUTE(SUBSTITUTE(SUBSTITUTE(SUBSTITUTE(SUBSTITUTE(SUBSTITUTE(SUBSTITUTE(SUBSTITUTE(G13,"1.5K",VO2max!B3),"3K",VO2max!C3),"5K",VO2max!D3),"10K",VO2max!E3),"21K",VO2max!F3),"42K",VO2max!G3),"ZA",VO2max!H3),"HL",VO2max!I3) -> 3k@; 3x100m ubrzanja Ubrzanja se trče po ravnoj stazi i sa snagom od 85%. U pauzi se ili hoda ili lagano trči i ne počinje se ponovo dok se potpuno ne odmori. | H26: =VLOOKUP(H13,Legenda!$A$1:$B$51,2,FALSE) -> Obavezno uraditi zagrevanje laganim trčanjem na samom startu barem 1km Trka: 21.1km

Sheet 21kB-templ
A1: Nedelja | B1: DAN | C1: Trening | G1: Nedelja | H1: DAN | I1: Trening
A2: 1 | B2: Ponedeljak | C2: ='21kB'!B15 -> Plivanje, bicikla, šetanje, vežbe snage, ... | G2: 1 | H2: Ponedeljak | I2: Plivanje, bicikla, šetanje, vežbe snage, ...
B3: Utorak | C3: ='21kB'!C15 -> zagrevanje 15min@7:30; 2x(10min@6:20 +4min@7:30); hlađenje 10min@7:30 | H3: Utorak | I3: zagrevanje 15min@6:50; 2x(10min@5:35 +4min@6:50); hlađenje 10min@6:50
B4: Sreda | C4: ='21kB'!D15 -> 5k@6:00 ili odmor | H4: Sreda | I4: 5k@5:50 ili odmor
B5: Četvrtak | C5: ='21kB'!E15 -> zagrevanje 15min@7:30; 8x(400m@6:05 +1min@7:30); hlađenje 10min@7:30 | H5: Četvrtak | I5: zagrevanje 15min@6:50; 8x(400min@5:25 +1min@6:50); hlađenje 10min@6:50
B6: Petak | C6: ='21kB'!F15 -> 5k@6:00 ili odmor | H6: Petak | I6: 5k@5:50 ili odmor
B7: Subota | C7: ='21kB'!G15 -> zagrevanje 15min@7:30; 1x30min@6:40; hlađenje 10min@7:30 | H7: Subota | I7: zagrevanje 15min@6:50; 1x30min@5:55; hlađenje 10min@6:50
B8: Nedelja | C8: ='21kB'!H15 -> 14k@6:00 | H8: Nedelja | I8: 14k@5:50
A9: Nedelja | B9: DAN | C9: Trening | G9: Nedelja | H9: DAN | I9: Trening
A10: 2 | B10: Ponedeljak | C10: ='21kB'!B16 -> 5k@6:00 ili odmor | G10: 2 | H10: Ponedeljak | I10: 5k@5:50 ili odmor
B11: Utorak | C11: ='21kB'!C16 -> zagrevanje 15min@7:30; 16x(100m@6:00 + 1min@7:30); hlađenje 10min@7:30 | H11: Utorak | I11: zagrevanje 15min@6:50; 16x(100m@5:15 + 1min@6:50); hlađenje 10min@6:50
B12: Sreda | C12: ='21kB'!D16 -> 5k@6:00 ili odmor | H12: Sreda | I12: 5k@5:50 ili odmor
B13: Četvrtak | C13: ='21kB'!E16 -> zagrevanje 15min@7:30; 6x(800m@6:05 +30sec@7:30); hlađenje 10min@7:30 | H13: Četvrtak | I13: zagrevanje 15min@6:50; 6x(800min@5:25 +30sec@6:50); hlađenje 10min@6:50
B14: Petak | C14: ='21kB'!F16 -> 5k@6:00 ili odmor | H14: Petak | I14: 5k@5:50 ili odmor
B15: Subota | C15: ='21kB'!G16 -> zagrevanje 15min@7:30; 2x(3km@6:20+4min@7:30); hlađenje 10min@7:30 | H15: Subota | I15: zagrevanje 15min@6:50; 2x(3km@5:35+4min@6:50); hlađenje 10min@6:50
B16: Nedelja | C16: ='21kB'!H16 -> 14k@6:00 | H16: Nedelja | I16: 14k@5:50
A17: Nedelja | B17: DAN | C17: Trening | G17: Nedelja | H17: DAN | I17: Trening
A18: 3 | B18: Ponedeljak | C18: ='21kB'!B17 -> Plivanje, bicikla, šetanje, vežbe snage, ... | G18: 3 | H18: Ponedeljak | I18: Plivanje, bicikla, šetanje, vežbe snage, ...
B19: Utorak | C19: ='21kB'!C17 -> zagrevanje 15min@7:30; 3x(10min@6:20 +4min@7:30); hlađenje 10min@7:30 | H19: Utorak | I19: zagrevanje 15min@6:50; 3x(10min@5:35 +4min@6:50); hlađenje 10min@6:50
B20: Sreda | C20: ='21kB'!D17 -> 5k@6:00 ili odmor | H20: Sreda | I20: 5k@5:50 ili odmor
B21: Četvrtak | C21: ='21kB'!E17 -> zagrevanje 15min@7:30; 2x(800m@6:20 + 600m@6:05 + 4min@7:30) hlađenje 10min@7:30 | H21: Četvrtak | I21: zagrevanje 15min@6:50; 2x(800K@5:35 + 600m@5:25 + 4min@6:50) hlađenje 10min@6:50
B22: Petak | C22: ='21kB'!F17 -> 5k@6:00 ili odmor | H22: Petak | I22: 5k@5:50 ili odmor
B23: Subota | C23: ='21kB'!G17 -> zagrevanje 15min@7:30; 1x40min@6:40; hlađenje 10min@7:30 | H23: Subota | I23: zagrevanje 15min@6:50; 1x40min@5:55; hlađenje 10min@6:50
B24: Nedelja | C24: ='21kB'!H17 -> 14k@6:00 | H24: Nedelja | I24: 14k@5:50
A25: Nedelja | B25: DAN | C25: Trening | G25: Nedelja | H25: DAN | I25: Trening
A26: 4 | B26: Ponedeljak | C26: ='21kB'!B18 -> 5k@6:00 ili odmor | G26: 4 | H26: Ponedeljak | I26: 5k@5:50 ili odmor
B27: Utorak | C27: ='21kB'!C18 -> zagrevanje 15min@7:30; 10x(200m@6:05 + 2min@7:30); hlađenje 10min@7:30 | H27: Utorak | I27: zagrevanje 15min@5:50; 10x(200m@4:45 + 2min@5:50); hlađenje 10min@5:50
B28: Sreda | C28: ='21kB'!D18 -> 5k@6:00 ili odmor | H28: Sreda | I28: 5k@5:50 ili odmor
B29: Četvrtak | C29: ='21kB'!E18 -> zagrevanje 15min@7:30; 12x(400m@6:05 +15sec@7:30); hlađenje 10min@7:30 | H29: Četvrtak | I29: zagrevanje 15min@5:50; 12x(400m@4:45 +15sec@5:50); hlađenje 10min@5:50
B30: Petak | C30: ='21kB'!F18 -> 5k@6:00 ili odmor | H30: Petak | I30: 5k@5:50 ili odmor
B31: Subota | C31: ='21kB'!G18 -> zagrevanje 15min@7:30; 2x(400m@6:05 +800m@6:20+3200m@6:40 + 4min@7:30) hlađenje 10min@7:30 | H31: Subota | I31: zagrevanje 15min@5:50; 2x(400m@4:45 +800m@4:55+3200m@5:10 + 4min@5:50) hlađenje 10min@5:50
B32: Nedelja | C32: ='21kB'!H18 -> 14k@6:00 | H32: Nedelja | I32: 14k@5:50
A33: Nedelja | B33: DAN | C33: Trening | G33: Nedelja | H33: DAN | I33: Trening
A34: 5 | B34: Ponedeljak | C34: ='21kB'!B19 -> Plivanje, bicikla, šetanje, vežbe snage, ... | G34: 5 | H34: Ponedeljak | I34: Plivanje, bicikla, šetanje, vežbe snage, ...
B35: Utorak | C35: ='21kB'!C19 -> zagrevanje 15min@7:30; 4x(2km@6:20 +3min@7:30); hlađenje 10min@7:30 | H35: Utorak | I35: zagrevanje 15min@5:50; 4x(2km@4:55 +3min@5:50); hlađenje 10min@5:50
B36: Sreda | C36: ='21kB'!D19 -> 5k@6:00 ili odmor | H36: Sreda | I36: 5k@5:50 ili odmor
B37: Četvrtak | C37: ='21kB'!E19 -> zagrevanje 15min@7:30; 2x(200m@5:40 + 400@6:00 + 4min@7:30) hlađenje 10min@7:30 | H37: Četvrtak | I37: zagrevanje 15min@5:50; 2x(200m@4:20 + 400@4:35 + 4min@5:50) hlađenje 10min@5:50
B38: Petak | C38: ='21kB'!F19 -> 5k@6:00 ili odmor | H38: Petak | I38: 5k@5:50 ili odmor
B39: Subota | C39: ='21kB'!G19 -> zagrevanje 15min@7:30; 1x50min@6:40; hlađenje 10min@7:30 | H39: Subota | I39: zagrevanje 15min@5:50; 1x50min@5:10; hlađenje 10min@5:50
B40: Nedelja | C40: ='21kB'!H19 -> 14k@6:00 | H40: Nedelja | I40: 14k@5:50
A41: Nedelja | B41: DAN | C41: Trening | G41: Nedelja | H41: DAN | I41: Trening
A42: 6 | B42: Ponedeljak | C42: ='21kB'!B20 -> 5k@6:00 ili odmor | G42: 6 | H42: Ponedeljak | I42: 5k@5:50 ili odmor
B43: Utorak | C43: ='21kB'!C20 -> zagrevanje 15min@7:30; 10x(200m@6:00 + 1min@7:30); hlađenje 10min@7:30 | H43: Utorak | I43: zagrevanje 15min@5:50; 10x(200m@4:35 + 1min@5:50); hlađenje 10min@5:50
B44: Sreda | C44: ='21kB'!D20 -> progresivno aerobno trčanje u 3 jednaka segmenta, od sporijeg ka bržem | H44: Sreda | I44: progresivno aerobno trčanje u 3 jednaka segmenta, od sporijeg ka bržem
B45: Četvrtak | C45: ='21kB'!E20 -> zagrevanje 15min@7:30; 4x(8min@6:20 +4min@7:30); hlađenje 10min@7:30 | H45: Četvrtak | I45: zagrevanje 15min@5:50; 4x(8min@4:55 +4min@5:50); hlađenje 10min@5:50
B46: Petak | C46: ='21kB'!F20 -> 5k@6:00 ili odmor | H46: Petak | I46: 5k@5:50 ili odmor
B47: Subota | C47: ='21kB'!G20 -> zagrevanje 15min@7:30; 3x(1600m@6:05 +1min@7:30); hlađenje 10min@7:30 | H47: Subota | I47: zagrevanje 15min@5:50; 3x(1600m@4:45 +1min@5:50); hlađenje 10min@5:50
B48: Nedelja | C48: ='21kB'!H20 -> 14k@6:00 | H48: Nedelja | I48: 14k@5:50
A49: Nedelja | B49: DAN | C49: Trening | G49: Nedelja | H49: DAN | I49: Trening
A50: 7 | B50: Ponedeljak | C50: ='21kB'!B21 -> Plivanje, bicikla, šetanje, vežbe snage, ... | G50: 7 | H50: Ponedeljak | I50: Plivanje, bicikla, šetanje, vežbe snage, ...
B51: Utorak | C51: ='21kB'!C21 -> zagrevanje 15min@7:30; 7x(1km@6:20 + 1min@7:30); hlađenje 10min@7:30 | H51: Utorak | I51: zagrevanje 15min@5:50; 7x(1km@4:55 + 1min@5:50); hlađenje 10min@5:50
B52: Sreda | C52: ='21kB'!D21 -> 5k@6:00 ili odmor | H52: Sreda | I52: 5k@5:50 ili odmor
B53: Četvrtak | C53: ='21kB'!E21 -> zagrevanje 15min@7:30; 8x(200m@6:00 +1min@7:30); hlađenje 10min@7:30 | H53: Četvrtak | I53: zagrevanje 15min@5:50; 8x(200m@4:35 +1min@5:50); hlađenje 10min@5:50
B54: Petak | C54: ='21kB'!F21 -> 5k@6:00 ili odmor | H54: Petak | I54: 5k@5:50 ili odmor
B55: Subota | C55: ='21kB'!G21 -> odmor | H55: Subota | I55: odmor
B56: Nedelja | C56: ='21kB'!H21 -> zagrevanje 10min@ZA; 10k@10K; hlađenje 10min@HL | H56: Nedelja | I56: zagrevanje 10min@ZA; 10k@10K; hlađenje 10min@HL
A57: Nedelja | B57: DAN | C57: Trening | G57: Nedelja | H57: DAN | I57: Trening
A58: 8 | B58: Ponedeljak | C58: ='21kB'!B22 -> 5k@6:00 ili odmor | G58: 8 | H58: Ponedeljak | I58: 5k@5:50 ili odmor
B59: Utorak | C59: ='21kB'!C22 -> zagrevanje 15min@7:30; 8x(100m@6:00 + 2min@7:30); hlađenje 10min@7:30 | H59: Utorak | I59: zagrevanje 15min@5:50; 8x(100m@4:35 + 2min@5:50); hlađenje 10min@5:50
B60: Sreda | C60: ='21kB'!D22 -> 5k@6:00 ili odmor | H60: Sreda | I60: 5k@5:50 ili odmor
B61: Četvrtak | C61: ='21kB'!E22 -> zagrevanje 15min@7:30; 6x(800m@6:05 +30sec@7:30); hlađenje 10min@7:30 | H61: Četvrtak | I61: zagrevanje 15min@5:50; 6x(800m@4:45 +30sec@5:50); hlađenje 10min@5:50
B62: Petak | C62: ='21kB'!F22 -> 5k@6:00 ili odmor | H62: Petak | I62: 5k@5:50 ili odmor
B63: Subota | C63: ='21kB'!G22 -> zagrevanje 15min@7:30; 3x(400m@6:05 +800m@6:20+3200m@6:40+4min@7:30); hlađenje 10min@7:30 | H63: Subota | I63: zagrevanje 15min@5:50; 3x(400m@4:45 +800m@4:55+3200m@5:10+4min@5:50); hlađenje 10min@5:50
B64: Nedelja | C64: ='21kB'!H22 -> 14k@6:00 | H64: Nedelja | I64: 14k@5:50
A65: Nedelja | B65: DAN | C65: Trening | G65: Nedelja | H65: DAN | I65: Trening
A66: 9 | B66: Ponedeljak | C66: ='21kB'!B23 -> Plivanje, bicikla, šetanje, vežbe snage, ... | G66: 9 | H66: Ponedeljak | I66: Plivanje, bicikla, šetanje, vežbe snage, ...
B67: Utorak | C67: ='21kB'!C23 -> zagrevanje 15min@7:30; 4x(2k@6:20 + 2min@7:30); hlađenje 10min@7:30 | H67: Utorak | I67: zagrevanje 15min@5:50; 4x(2k@4:55 + 2min@5:50); hlađenje 10min@5:50
B68: Sreda | C68: ='21kB'!D23 -> 5k@6:00 ili odmor | H68: Sreda | I68: 5k@5:50 ili odmor
B69: Četvrtak | C69: ='21kB'!E23 -> zagrevanje 15min@7:30; 5x(3min@6:00 + 3min@7:30); hlađenje 10min@7:30 | H69: Četvrtak | I69: zagrevanje 15min@5:50; 5x(3min@4:35 + 3min@5:50); hlađenje 10min@5:50
B70: Petak | C70: ='21kB'!F23 -> 5k@6:00 ili odmor | H70: Petak | I70: 5k@5:50 ili odmor
B71: Subota | C71: ='21kB'!G23 -> zagrevanje 10min@7:30; 60min@6:40; hlađenje 10min@7:30 | H71: Subota | I71: zagrevanje 10min@5:50; 60min@5:10; hlađenje 10min@5:50
B72: Nedelja | C72: ='21kB'!H23 -> 14k@6:00 | H72: Nedelja | I72: 14k@5:50
A73: Nedelja | B73: DAN | C73: Trening | G73: Nedelja | H73: DAN | I73: Trening
A74: 10 | B74: Ponedeljak | C74: ='21kB'!B24 -> 5k@6:00, 4-6 x 100m ubrzanja na kraju treninga | G74: 10 | H74: Ponedeljak | I74: 5k@5:50, 4-6 x 100m ubrzanja na kraju treninga
B75: Utorak | C75: ='21kB'!C24 -> zagrevanje 15min@7:30; 12x(200m@6:00 + 1min@7:30); hlađenje 10min@7:30 | H75: Utorak | I75: zagrevanje 15min@5:50; 12x(200m@4:35 + 1min@5:50); hlađenje 10min@5:50
B76: Sreda | C76: ='21kB'!D24 -> progresivno aerobno trčanje u 3 jednaka segmenta, od sporijeg ka bržem | H76: Sreda | I76: progresivno aerobno trčanje u 3 jednaka segmenta, od sporijeg ka bržem
B77: Četvrtak | C77: ='21kB'!E24 -> zagrevanje 15min@7:30; 7x(1k@6:20 + 2min@7:30); hlađenje 10min@7:30 | H77: Četvrtak | I77: zagrevanje 15min@5:50; 7x(1k@4:55 + 2min@5:50); hlađenje 10min@5:50
B78: Petak | C78: ='21kB'!F24 -> 5k@6:00 ili odmor | H78: Petak | I78: 5k@5:50 ili odmor
B79: Subota | C79: ='21kB'!G24 -> zagrevanje 10min@7:30; 30min@6:40; hlađenje 10min@7:30 | H79: Subota | I79: zagrevanje 10min@5:50; 30min@5:10; hlađenje 10min@5:50
B80: Nedelja | C80: ='21kB'!H24 -> 14k@6:00 | H80: Nedelja | I80: 14k@5:50
A81: Nedelja | B81: DAN | C81: Trening | G81: Nedelja | H81: DAN | I81: Trening
A82: 11 | B82: Ponedeljak | C82: ='21kB'!B25 -> 5k@6:00 ili odmor | G82: 11 | H82: Ponedeljak | I82: 5k@5:50 ili odmor
B83: Utorak | C83: ='21kB'!C25 -> zagrevanje 15min@7:30; 7x(1k@6:20 + 1min@7:30); hlađenje 10min@7:30 | H83: Utorak | I83: zagrevanje 15min@5:50; 7x(1k@4:55 + 1min@5:50); hlađenje 10min@5:50
B84: Sreda | C84: ='21kB'!D25 -> 5k@6:00 ili odmor | H84: Sreda | I84: 5k@5:50 ili odmor
B85: Četvrtak | C85: ='21kB'!E25 -> zagrevanje 15min@7:30; 5x(3min@6:00 + 3min@7:30); hlađenje 10min@7:30 | H85: Četvrtak | I85: zagrevanje 15min@5:50; 5x(3min@4:35 + 3min@5:50); hlađenje 10min@5:50
B86: Petak | C86: ='21kB'!F25 -> 5k@6:00 ili odmor | H86: Petak | I86: 5k@5:50 ili odmor
B87: Subota | C87: ='21kB'!G25 -> odmor | H87: Subota | I87: odmor
B88: Nedelja | C88: ='21kB'!H25 -> zagrevanje 10min@ZA; 5k@5K; hlađenje 10min@HL | H88: Nedelja | I88: zagrevanje 10min@ZA; 5k@5K; hlađenje 10min@HL
A89: Nedelja | B89: DAN | C89: Trening | G89: Nedelja | H89: DAN | I89: Trening
A90: 12 | B90: Ponedeljak | C90: ='21kB'!B26 -> 5k@6:00 ili odmor | G90: 12 | H90: Ponedeljak | I90: 5k@5:50 ili odmor
B91: Utorak | C91: ='21kB'!C26 -> zagrevanje 10min@; 20min@21K; hlađenje 10min@ | H91: Utorak | I91: zagrevanje 10min@; 20min@21K; hlađenje 10min@
B92: Sreda | C92: ='21kB'!D26 -> Plivanje, bicikla, šetanje, vežbe snage, ... | H92: Sreda | I92: Plivanje, bicikla, šetanje, vežbe snage, ...
B93: Četvrtak | C93: ='21kB'!E26 -> zagrevanje 15min@; 3x(1.5min@ + 1.5min@); hlađenje 10min@ | H93: Četvrtak | I93: zagrevanje 15min@; 3x(1.5min@ + 1.5min@); hlađenje 10min@
B94: Petak | C94: ='21kB'!F26 -> odmor | H94: Petak | I94: odmor
B95: Subota | C95: ='21kB'!G26 -> 3k@; 3x100m ubrzanja Ubrzanja se trče po ravnoj stazi i sa snagom od 85%. U pauzi se ili hoda ili lagano trči i ne počinje se ponovo dok se potpuno ne odmori. | H95: Subota | I95: 3k@; 3x100m ubrzanja Ubrzanja se trče po ravnoj stazi i sa snagom od 85%. U pauzi se ili hoda ili lagano trči i ne počinje se ponovo dok se potpuno ne odmori.
B96: Nedelja | C96: ='21kB'!H26 -> Obavezno uraditi zagrevanje laganim trčanjem na samom startu barem 1km Trka: 21.1km | H96: Nedelja | I96: Obavezno uraditi zagrevanje laganim trčanjem na samom startu barem 1km Trka: 21.1km

Sheet 42kB
A1: Nedelja | B1: PO | C1: UT | D1: SR | E1: CE | F1: PE | G1: SU | H1: NE
A2: 1 | B2: XT | C2: zagrevanje 15min@ZA; 3x(8min@10K + 3min@ZA); hlađenje 10min@HL | D2: A | E2: zagrevanje 15min@ZA; 6x(800min@5K + 30s@ZA); hlađenje 10min@HL | F2: E | G2: E1 | H2: L1
A3: 2 | B3: E | C3: zagrevanje 15min@ZA; 14x(200m@3K + 1min@ZA); hlađenje 10min@HL | D3: A1 | E3: zagrevanje 15min@ZA; 2x(3k@10K +4min@ZA); hlađenje 10min@HL | F3: E | G3: A1 | H3: L
A4: 3 | B4: XT | C4: zagrevanje 15min@ZA; 2x(200K@3K + 600m@5K + 1600m@10K + 4min@ZA) hlađenje 10min@HL | D4: E | E4: zagrevanje 15min@ZA; 5x(1000m@5K + 1min@ZA) hlađenje 10min@HL | F4: E | G4: A1 | H4: zagrevanje 10min@ZA; 60min@42K; hlađenje 10min@HL
A5: 4 | B5: E | C5: zagrevanje 15min@ZA; 3x(8min@10K + 2min@ZA); hlađenje 10min@HL | D5: E | E5: zagrevanje 15min@ZA; 3x(1600m@5K +1min@ZA); hlađenje 10min@HL | F5: E | G5: zagrevanje 15min@ZA; 20min@21K hlađenje 10min@HL | H5: L
A6: 5 | B6: XT | C6: zagrevanje 15min@ZA; 5x(3min@3K +3min@ZA); hlađenje 10min@HL | D6: A | E6: zagrevanje 15min@ZA; 7x(1000m@10K + 1min@ZA) hlađenje 10min@HL | F6: E | G6: odmor | H6: zagrevanje 10min@ZA; 90min@42K; hlađenje 10min@HL
A7: 6 | B7: E | C7: zagrevanje 15min@ZA; 1k@10K + 2min@ZA+3k@10K + 5min@ZA + 1k@10K + 2min@ZA+ 3k@10K + 5min@ZA + 1k@10K hlađenje 10min@HL | D7: A1 | E7: zagrevanje 15min@ZA; 4x(8min@10K +4min@ZA); hlađenje 10min@HL | F7: E | G7: zagrevanje 15min@ZA; 30min@21K hlađenje 10min@HL | H7: L1
A8: 7 | B8: odmor | C8: zagrevanje 15min@ZA; 8x(400m@10K + 30sec@ZA); hlađenje 10min@HL | D8: A | E8: zagrevanje 15min@ZA; 8x(200m@3K +1min@ZA); hlađenje 10min@HL | F8: E | G8: odmor | H8: zagrevanje 10min@ZA; 21k@21K; hlađenje 5min@HL
A9: 8 | B9: E | C9: zagrevanje 15min@ZA; 2x(400m@5K + 400m@10K + 2400m@42K + 4min@ZA); hlađenje 10min@HL | D9: A | E9: zagrevanje 15min@ZA; 6x(800m@5K +30sec@ZA); hlađenje 10min@HL | F9: A | G9: E | H9: L2
A10: 9 | B10: E1 | C10: zagrevanje 15min@ZA; 4x(2k@10K + 2min@ZA); hlađenje 10min@HL | D10: A | E10: zagrevanje 15min@ZA; 5x(3min@3K + 3min@ZA); hlađenje 10min@HL | F10: E | G10: zagrevanje 10min@ZA; 2x(20min@21K + 5min@ZA); hlađenje 10min@HL | H10: L
A11: 10 | B11: XT | C11: zagrevanje 15min@ZA; 14x(200m@3K + 1min@ZA); hlađenje 10min@HL | D11: A1 | E11: zagrevanje 15min@ZA; 3x(400m@5K + 400m@10K + 2400m@42K + 4min@ZA); hlađenje 10min@HL | F11: E | G11: zagrevanje 10min@ZA; 40min@21K; hlađenje 10min@HL | H11: zagrevanje 10min@ZA; 120min@42K; hlađenje 10min@HL
A12: 11 | B12: E | C12: zagrevanje 15min@ZA; 3x(1600m@5K + 1min@ZA); hlađenje 10min@HL | D12: A | E12: zagrevanje 15min@ZA; 5x(3min@3K + 3min@ZA); hlađenje 10min@HL | F12: E | G12: odmor | H12: zagrevanje 10min@ZA; 5k@5K; hlađenje 10min@HL
A13: 12 | B13: odmor | C13: zagrevanje 10min@ZA; 20min@21K; hlađenje 10min@HL | D13: XT | E13: zagrevanje 15min@ZA; 3x(1.5min@5K + 1.5min@ZA); hlađenje 10min@HL | F13: odmor | G13: 3k@ZA; 3x100m ubrzanja Ubrzanja se trče po ravnoj stazi i sa snagom od 85%. U pauzi se ili hoda ili lagano trči i ne počinje se ponovo dok se potpuno ne odmori. | H13: Obavezno uraditi zagrevanje laganim trčanjem na samom startu barem 1km Trka: 42.2km
A14: Nedelja | B14: PO | C14: UT | D14: SR | E14: CE | F14: PE | G14: SU | H14: NE
A15: 1 | B15: =VLOOKUP(B2,Legenda!$A$1:$B$51,2,FALSE) -> Plivanje, bicikla, šetanje, vežbe snage, ... | C15: =SUBSTITUTE(SUBSTITUTE(SUBSTITUTE(SUBSTITUTE(SUBSTITUTE(SUBSTITUTE(SUBSTITUTE(SUBSTITUTE(C2,"1.5K",VO2max!B2),"3K",VO2max!C2),"5K",VO2max!D2),"10K",VO2max!E2),"21k",VO2max!F2),"42K",VO2max!G2),"ZA",VO2max!H2),"HL",VO2max!I2) -> zagrevanje 15min@7:30; 3x(8min@6:20 + 3min@7:30); hlađenje 10min@7:30 | D15: =VLOOKUP(D2,Legenda!$A$1:$B$51,2,FALSE) -> 5k@6:00 ili odmor | E15: =SUBSTITUTE(SUBSTITUTE(SUBSTITUTE(SUBSTITUTE(SUBSTITUTE(SUBSTITUTE(SUBSTITUTE(SUBSTITUTE(E2,"1.5K",VO2max!B2),"3K",VO2max!C2),"5K",VO2max!D2),"10K",VO2max!E2),"21k",VO2max!F2),"42K",VO2max!G2),"ZA",VO2max!H2),"HL",VO2max!I2) -> zagrevanje 15min@7:30; 6x(800min@6:05 + 30s@7:30); hlađenje 10min@7:30 | F15: =VLOOKUP(F2,Legenda!$A$1:$B$51,2,FALSE) -> 5k@6:00 ili odmor | G15: =VLOOKUP(G2,Legenda!$A$1:$B$51,2,FALSE) -> 5k@6:00, 4-6 x 100m ubrzanja na kraju treninga | H15: =VLOOKUP(H2,Legenda!$A$1:$B$51,2,FALSE) -> 14k@6:00
A16: 2 | B16: =VLOOKUP(B3,Legenda!$A$1:$B$51,2,FALSE) -> 5k@6:00 ili odmor | C16: =SUBSTITUTE(SUBSTITUTE(SUBSTITUTE(SUBSTITUTE(SUBSTITUTE(SUBSTITUTE(SUBSTITUTE(SUBSTITUTE(C3,"1.5K",VO2max!B2),"3K",VO2max!C2),"5K",VO2max!D2),"10K",VO2max!E2),"21k",VO2max!F2),"42K",VO2max!G2),"ZA",VO2max!H2),"HL",VO2max!I2) -> zagrevanje 15min@7:30; 14x(200m@6:00 + 1min@7:30); hlađenje 10min@7:30 | D16: =VLOOKUP(D3,Legenda!$A$1:$B$51,2,FALSE) -> progresivno aerobno trčanje u 3 jednaka segmenta, od sporijeg ka bržem | E16: =SUBSTITUTE(SUBSTITUTE(SUBSTITUTE(SUBSTITUTE(SUBSTITUTE(SUBSTITUTE(SUBSTITUTE(SUBSTITUTE(E3,"1.5K",VO2max!B2),"3K",VO2max!C2),"5K",VO2max!D2),"10K",VO2max!E2),"21k",VO2max!F2),"42K",VO2max!G2),"ZA",VO2max!H2),"HL",VO2max!I2) -> zagrevanje 15min@7:30; 2x(3k@6:20 +4min@7:30); hlađenje 10min@7:30 | F16: =VLOOKUP(F3,Legenda!$A$1:$B$51,2,FALSE) -> 5k@6:00 ili odmor | G16: =VLOOKUP(G3,Legenda!$A$1:$B$51,2,FALSE) -> progresivno aerobno trčanje u 3 jednaka segmenta, od sporijeg ka bržem | H16: =VLOOKUP(H3,Legenda!$A$1:$B$51,2,FALSE) -> 14k@6:00
A17: 3 | B17: =VLOOKUP(B4,Legenda!$A$1:$B$51,2,FALSE) -> Plivanje, bicikla, šetanje, vežbe snage, ... | C17: =SUBSTITUTE(SUBSTITUTE(SUBSTITUTE(SUBSTITUTE(SUBSTITUTE(SUBSTITUTE(SUBSTITUTE(SUBSTITUTE(C4,"1.5K",VO2max!B2),"3K",VO2max!C2),"5K",VO2max!D2),"10K",VO2max!E2),"21k",VO2max!F2),"42K",VO2max!G2),"ZA",VO2max!H2),"HL",VO2max!I2) -> zagrevanje 15min@7:30; 2x(200K@6:00 + 600m@6:05 + 1600m@6:20 + 4min@7:30) hlađenje 10min@7:30 | D17: =VLOOKUP(D4,Legenda!$A$1:$B$51,2,FALSE) -> 5k@6:00 ili odmor | E17: =SUBSTITUTE(SUBSTITUTE(SUBSTITUTE(SUBSTITUTE(SUBSTITUTE(SUBSTITUTE(SUBSTITUTE(SUBSTITUTE(E4,"1.5K",VO2max!B2),"3K",VO2max!C2),"5K",VO2max!D2),"10K",VO2max!E2),"21k",VO2max!F2),"42K",VO2max!G2),"ZA",VO2max!H2),"HL",VO2max!I2) -> zagrevanje 15min@7:30; 5x(1000m@6:05 + 1min@7:30) hlađenje 10min@7:30 | F17: =VLOOKUP(F4,Legenda!$A$1:$B$51,2,FALSE) -> 5k@6:00 ili odmor | G17: =VLOOKUP(G4,Legenda!$A$1:$B$51,2,FALSE) -> progresivno aerobno trčanje u 3 jednaka segmenta, od sporijeg ka bržem | H17: =H4 -> zagrevanje 10min@ZA; 60min@42K; hlađenje 10min@HL
A18: 4 | B18: =VLOOKUP(B5,Legenda!$A$1:$B$51,2,FALSE) -> 5k@6:00 ili odmor | C18: =SUBSTITUTE(SUBSTITUTE(SUBSTITUTE(SUBSTITUTE(SUBSTITUTE(SUBSTITUTE(SUBSTITUTE(SUBSTITUTE(C5,"1.5K",VO2max!B2),"3K",VO2max!C2),"5K",VO2max!D2),"10K",VO2max!E2),"21k",VO2max!F2),"42K",VO2max!G2),"ZA",VO2max!H2),"HL",VO2max!I2) -> zagrevanje 15min@7:30; 3x(8min@6:20 + 2min@7:30); hlađenje 10min@7:30 | D18: =VLOOKUP(D5,Legenda!$A$1:$B$51,2,FALSE) -> 5k@6:00 ili odmor | E18: =SUBSTITUTE(SUBSTITUTE(SUBSTITUTE(SUBSTITUTE(SUBSTITUTE(SUBSTITUTE(SUBSTITUTE(SUBSTITUTE(E5,"1.5K",VO2max!B2),"3K",VO2max!C2),"5K",VO2max!D2),"10K",VO2max!E2),"21k",VO2max!F2),"42K",VO2max!G2),"ZA",VO2max!H2),"HL",VO2max!I2) -> zagrevanje 15min@7:30; 3x(1600m@6:05 +1min@7:30); hlađenje 10min@7:30 | F18: =VLOOKUP(F5,Legenda!$A$1:$B$51,2,FALSE) -> 5k@6:00 ili odmor | G18: =SUBSTITUTE(SUBSTITUTE(SUBSTITUTE(SUBSTITUTE(SUBSTITUTE(SUBSTITUTE(SUBSTITUTE(SUBSTITUTE(G5,"1.5K",VO2max!B2),"3K",VO2max!C2),"5K",VO2max!D2),"10K",VO2max!E2),"21K",VO2max!F2),"42K",VO2max!G2),"ZA",VO2max!H2),"HL",VO2max!I2) -> zagrevanje 15min@7:30; 20min@6:40 hlađenje 10min@7:30 | H18: =VLOOKUP(H5,Legenda!$A$1:$B$51,2,FALSE) -> 14k@6:00
A19: 5 | B19: =VLOOKUP(B6,Legenda!$A$1:$B$51,2,FALSE) -> Plivanje, bicikla, šetanje, vežbe snage, ... | C19: =SUBSTITUTE(SUBSTITUTE(SUBSTITUTE(SUBSTITUTE(SUBSTITUTE(SUBSTITUTE(SUBSTITUTE(SUBSTITUTE(C6,"1.5K",VO2max!B2),"3K",VO2max!C2),"5K",VO2max!D2),"10K",VO2max!E2),"21k",VO2max!F2),"42K",VO2max!G2),"ZA",VO2max!H2),"HL",VO2max!I2) -> zagrevanje 15min@7:30; 5x(3min@6:00 +3min@7:30); hlađenje 10min@7:30 | D19: =VLOOKUP(D6,Legenda!$A$1:$B$51,2,FALSE) -> 5k@6:00 ili odmor | E19: =SUBSTITUTE(SUBSTITUTE(SUBSTITUTE(SUBSTITUTE(SUBSTITUTE(SUBSTITUTE(SUBSTITUTE(SUBSTITUTE(E6,"1.5K",VO2max!B2),"3K",VO2max!C2),"5K",VO2max!D2),"10K",VO2max!E2),"21k",VO2max!F2),"42K",VO2max!G2),"ZA",VO2max!H2),"HL",VO2max!I2) -> zagrevanje 15min@7:30; 7x(1000m@6:20 + 1min@7:30) hlađenje 10min@7:30 | F19: =VLOOKUP(F6,Legenda!$A$1:$B$51,2,FALSE) -> 5k@6:00 ili odmor | G19: =SUBSTITUTE(SUBSTITUTE(SUBSTITUTE(SUBSTITUTE(SUBSTITUTE(SUBSTITUTE(SUBSTITUTE(SUBSTITUTE(G6,"1.5K",VO2max!B2),"3K",VO2max!C2),"5K",VO2max!D2),"10K",VO2max!E2),"21K",VO2max!F2),"42K",VO2max!G2),"ZA",VO2max!H2),"HL",VO2max!I2) -> odmor | H19: =H6 -> zagrevanje 10min@ZA; 90min@42K; hlađenje 10min@HL
A20: 6 | B20: =VLOOKUP(B7,Legenda!$A$1:$B$51,2,FALSE) -> 5k@6:00 ili odmor | C20: =SUBSTITUTE(SUBSTITUTE(SUBSTITUTE(SUBSTITUTE(SUBSTITUTE(SUBSTITUTE(SUBSTITUTE(SUBSTITUTE(C7,"1.5K",VO2max!B2),"3K",VO2max!C2),"5K",VO2max!D2),"10K",VO2max!E2),"21k",VO2max!F2),"42K",VO2max!G2),"ZA",VO2max!H2),"HL",VO2max!I2) -> zagrevanje 15min@7:30; 1k@6:20 + 2min@7:30+3k@6:20 + 5min@7:30 + 1k@6:20 + 2min@7:30+ 3k@6:20 + 5min@7:30 + 1k@6:20 hlađenje 10min@7:30 | D20: =VLOOKUP(D7,Legenda!$A$1:$B$51,2,FALSE) -> progresivno aerobno trčanje u 3 jednaka segmenta, od sporijeg ka bržem | E20: =SUBSTITUTE(SUBSTITUTE(SUBSTITUTE(SUBSTITUTE(SUBSTITUTE(SUBSTITUTE(SUBSTITUTE(SUBSTITUTE(E7,"1.5K",VO2max!B2),"3K",VO2max!C2),"5K",VO2max!D2),"10K",VO2max!E2),"21k",VO2max!F2),"42K",VO2max!G2),"ZA",VO2max!H2),"HL",VO2max!I2) -> zagrevanje 15min@7:30; 4x(8min@6:20 +4min@7:30); hlađenje 10min@7:30 | F20: =VLOOKUP(F7,Legenda!$A$1:$B$51,2,FALSE) -> 5k@6:00 ili odmor | G20: =SUBSTITUTE(SUBSTITUTE(SUBSTITUTE(SUBSTITUTE(SUBSTITUTE(SUBSTITUTE(SUBSTITUTE(SUBSTITUTE(G7,"1.5K",VO2max!B2),"3K",VO2max!C2),"5K",VO2max!D2),"10K",VO2max!E2),"21K",VO2max!F2),"42K",VO2max!G2),"ZA",VO2max!H2),"HL",VO2max!I2) -> zagrevanje 15min@7:30; 30min@6:40 hlađenje 10min@7:30 | H20: =VLOOKUP(H7,Legenda!$A$1:$B$51,2,FALSE) -> 14k@6:00
A21: 7 | B21: =VLOOKUP(B8,Legenda!$A$1:$B$51,2,FALSE) -> odmor | C21: =SUBSTITUTE(SUBSTITUTE(SUBSTITUTE(SUBSTITUTE(SUBSTITUTE(SUBSTITUTE(SUBSTITUTE(SUBSTITUTE(C8,"1.5K",VO2max!B2),"3K",VO2max!C2),"5K",VO2max!D2),"10K",VO2max!E2),"21k",VO2max!F2),"42K",VO2max!G2),"ZA",VO2max!H2),"HL",VO2max!I2) -> zagrevanje 15min@7:30; 8x(400m@6:20 + 30sec@7:30); hlađenje 10min@7:30 | D21: =VLOOKUP(D8,Legenda!$A$1:$B$51,2,FALSE) -> 5k@6:00 ili odmor | E21: =SUBSTITUTE(SUBSTITUTE(SUBSTITUTE(SUBSTITUTE(SUBSTITUTE(SUBSTITUTE(SUBSTITUTE(SUBSTITUTE(E8,"1.5K",VO2max!B2),"3K",VO2max!C2),"5K",VO2max!D2),"10K",VO2max!E2),"21k",VO2max!F2),"42K",VO2max!G2),"ZA",VO2max!H2),"HL",VO2max!I2) -> zagrevanje 15min@7:30; 8x(200m@6:00 +1min@7:30); hlađenje 10min@7:30 | F21: =VLOOKUP(F8,Legenda!$A$1:$B$51,2,FALSE) -> 5k@6:00 ili odmor | G21: =SUBSTITUTE(SUBSTITUTE(SUBSTITUTE(SUBSTITUTE(SUBSTITUTE(SUBSTITUTE(SUBSTITUTE(SUBSTITUTE(G8,"1.5K",VO2max!B2),"3K",VO2max!C2),"5K",VO2max!D2),"10K",VO2max!E2),"21K",VO2max!F2),"42K",VO2max!G2),"ZA",VO2max!H2),"HL",VO2max!I2) -> odmor | H21: =H8 -> zagrevanje 10min@ZA; 21k@21K; hlađenje 5min@HL
A22: 8 | B22: =VLOOKUP(B9,Legenda!$A$1:$B$51,2,FALSE) -> 5k@6:00 ili odmor | C22: =SUBSTITUTE(SUBSTITUTE(SUBSTITUTE(SUBSTITUTE(SUBSTITUTE(SUBSTITUTE(SUBSTITUTE(SUBSTITUTE(C9,"1.5K",VO2max!B2),"3K",VO2max!C2),"5K",VO2max!D2),"10K",VO2max!E2),"21k",VO2max!F2),"42K",VO2max!G2),"ZA",VO2max!H2),"HL",VO2max!I2) -> zagrevanje 15min@7:30; 2x(400m@6:05 + 400m@6:20 + 2400m@6:50 + 4min@7:30); hlađenje 10min@7:30 | D22: =VLOOKUP(D9,Legenda!$A$1:$B$51,2,FALSE) -> 5k@6:00 ili odmor | E22: =SUBSTITUTE(SUBSTITUTE(SUBSTITUTE(SUBSTITUTE(SUBSTITUTE(SUBSTITUTE(SUBSTITUTE(SUBSTITUTE(E9,"1.5K",VO2max!B2),"3K",VO2max!C2),"5K",VO2max!D2),"10K",VO2max!E2),"21k",VO2max!F2),"42K",VO2max!G2),"ZA",VO2max!H2),"HL",VO2max!I2) -> zagrevanje 15min@7:30; 6x(800m@6:05 +30sec@7:30); hlađenje 10min@7:30 | F22: =VLOOKUP(F9,Legenda!$A$1:$B$51,2,FALSE) -> 5k@6:00 ili odmor | G22: =VLOOKUP(G9,Legenda!$A$1:$B$51,2,FALSE) -> 5k@6:00 ili odmor | H22: =VLOOKUP(H9,Legenda!$A$1:$B$51,2,FALSE) -> 14k@6:00
A23: 9 | B23: =VLOOKUP(B10,Legenda!$A$1:$B$51,2,FALSE) -> 5k@6:00, 4-6 x 100m ubrzanja na kraju treninga | C23: =SUBSTITUTE(SUBSTITUTE(SUBSTITUTE(SUBSTITUTE(SUBSTITUTE(SUBSTITUTE(SUBSTITUTE(SUBSTITUTE(C10,"1.5K",VO2max!B2),"3K",VO2max!C2),"5K",VO2max!D2),"10K",VO2max!E2),"21k",VO2max!F2),"42K",VO2max!G2),"ZA",VO2max!H2),"HL",VO2max!I2) -> zagrevanje 15min@7:30; 4x(2k@6:20 + 2min@7:30); hlađenje 10min@7:30 | D23: =VLOOKUP(D10,Legenda!$A$1:$B$51,2,FALSE) -> 5k@6:00 ili odmor | E23: =SUBSTITUTE(SUBSTITUTE(SUBSTITUTE(SUBSTITUTE(SUBSTITUTE(SUBSTITUTE(SUBSTITUTE(SUBSTITUTE(E10,"1.5K",VO2max!B2),"3K",VO2max!C2),"5K",VO2max!D2),"10K",VO2max!E2),"21k",VO2max!F2),"42K",VO2max!G2),"ZA",VO2max!H2),"HL",VO2max!I2) -> zagrevanje 15min@7:30; 5x(3min@6:00 + 3min@7:30); hlađenje 10min@7:30 | F23: =VLOOKUP(F10,Legenda!$A$1:$B$51,2,FALSE) -> 5k@6:00 ili odmor | G23: =SUBSTITUTE(SUBSTITUTE(SUBSTITUTE(SUBSTITUTE(SUBSTITUTE(SUBSTITUTE(SUBSTITUTE(SUBSTITUTE(G10,"1.5K",VO2max!B2),"3K",VO2max!C2),"5K",VO2max!D2),"10K",VO2max!E2),"21K",VO2max!F2),"42K",VO2max!G2),"ZA",VO2max!H2),"HL",VO2max!I2) -> zagrevanje 10min@7:30; 2x(20min@6:40 + 5min@7:30); hlađenje 10min@7:30 | H23: =VLOOKUP(H10,Legenda!$A$1:$B$51,2,FALSE) -> 14k@6:00
A24: 10 | B24: =VLOOKUP(B11,Legenda!$A$1:$B$51,2,FALSE) -> Plivanje, bicikla, šetanje, vežbe snage, ... | C24: =SUBSTITUTE(SUBSTITUTE(SUBSTITUTE(SUBSTITUTE(SUBSTITUTE(SUBSTITUTE(SUBSTITUTE(SUBSTITUTE(C11,"1.5K",VO2max!B2),"3K",VO2max!C2),"5K",VO2max!D2),"10K",VO2max!E2),"21k",VO2max!F2),"42K",VO2max!G2),"ZA",VO2max!H2),"HL",VO2max!I2) -> zagrevanje 15min@7:30; 14x(200m@6:00 + 1min@7:30); hlađenje 10min@7:30 | D24: =VLOOKUP(D11,Legenda!$A$1:$B$51,2,FALSE) -> progresivno aerobno trčanje u 3 jednaka segmenta, od sporijeg ka bržem | E24: =SUBSTITUTE(SUBSTITUTE(SUBSTITUTE(SUBSTITUTE(SUBSTITUTE(SUBSTITUTE(SUBSTITUTE(SUBSTITUTE(E11,"1.5K",VO2max!B2),"3K",VO2max!C2),"5K",VO2max!D2),"10K",VO2max!E2),"21k",VO2max!F2),"42K",VO2max!G2),"ZA",VO2max!H2),"HL",VO2max!I2) -> zagrevanje 15min@7:30; 3x(400m@6:05 + 400m@6:20 + 2400m@6:50 + 4min@7:30); hlađenje 10min@7:30 | F24: =VLOOKUP(F11,Legenda!$A$1:$B$51,2,FALSE) -> 5k@6:00 ili odmor | G24: =SUBSTITUTE(SUBSTITUTE(SUBSTITUTE(SUBSTITUTE(SUBSTITUTE(SUBSTITUTE(SUBSTITUTE(SUBSTITUTE(G11,"1.5K",VO2max!B2),"3K",VO2max!C2),"5K",VO2max!D2),"10K",VO2max!E2),"21K",VO2max!F2),"42K",VO2max!G2),"ZA",VO2max!H2),"HL",VO2max!I2) -> zagrevanje 10min@7:30; 40min@6:40; hlađenje 10min@7:30 | H24: =H11 -> zagrevanje 10min@ZA; 120min@42K; hlađenje 10min@HL
A25: 11 | B25: =VLOOKUP(B12,Legenda!$A$1:$B$51,2,FALSE) -> 5k@6:00 ili odmor | C25: =SUBSTITUTE(SUBSTITUTE(SUBSTITUTE(SUBSTITUTE(SUBSTITUTE(SUBSTITUTE(SUBSTITUTE(SUBSTITUTE(C12,"1.5K",VO2max!B2),"3K",VO2max!C2),"5K",VO2max!D2),"10K",VO2max!E2),"21k",VO2max!F2),"42K",VO2max!G2),"ZA",VO2max!H2),"HL",VO2max!I2) -> zagrevanje 15min@7:30; 3x(1600m@6:05 + 1min@7:30); hlađenje 10min@7:30 | D25: =VLOOKUP(D12,Legenda!$A$1:$B$51,2,FALSE) -> 5k@6:00 ili odmor | E25: =SUBSTITUTE(SUBSTITUTE(SUBSTITUTE(SUBSTITUTE(SUBSTITUTE(SUBSTITUTE(SUBSTITUTE(SUBSTITUTE(E12,"1.5K",VO2max!B2),"3K",VO2max!C2),"5K",VO2max!D2),"10K",VO2max!E2),"21k",VO2max!F2),"42K",VO2max!G2),"ZA",VO2max!H2),"HL",VO2max!I2) -> zagrevanje 15min@7:30; 5x(3min@6:00 + 3min@7:30); hlađenje 10min@7:30 | F25: =VLOOKUP(F12,Legenda!$A$1:$B$51,2,FALSE) -> 5k@6:00 ili odmor | G25: =SUBSTITUTE(SUBSTITUTE(SUBSTITUTE(SUBSTITUTE(SUBSTITUTE(SUBSTITUTE(SUBSTITUTE(SUBSTITUTE(G12,"1.5K",VO2max!B2),"3K",VO2max!C2),"5K",VO2max!D2),"10K",VO2max!E2),"21K",VO2max!F2),"42K",VO2max!G2),"ZA",VO2max!H2),"HL",VO2max!I2) -> odmor | H25: =VLOOKUP(H12,Legenda!$A$1:$B$51,2,FALSE) -> zagrevanje 10min@ZA; 5k@5K; hlađenje 10min@HL
A26: 12 | B26: =VLOOKUP(B13,Legenda!$A$1:$B$51,2,FALSE) -> odmor | C26: =SUBSTITUTE(SUBSTITUTE(SUBSTITUTE(SUBSTITUTE(SUBSTITUTE(SUBSTITUTE(SUBSTITUTE(SUBSTITUTE(C13,"1.5K",VO2max!B3),"3K",VO2max!C3),"5K",VO2max!D3),"10K",VO2max!E3),"21k",VO2max!F3),"42K",VO2max!G3),"ZA",VO2max!H3),"HL",VO2max!I3) -> zagrevanje 10min@; 20min@21K; hlađenje 10min@ | D26: =VLOOKUP(D13,Legenda!$A$1:$B$51,2,FALSE) -> Plivanje, bicikla, šetanje, vežbe snage, ... | E26: =SUBSTITUTE(SUBSTITUTE(SUBSTITUTE(SUBSTITUTE(SUBSTITUTE(SUBSTITUTE(SUBSTITUTE(SUBSTITUTE(E13,"1.5K",VO2max!B3),"3K",VO2max!C3),"5K",VO2max!D3),"10K",VO2max!E3),"21k",VO2max!F3),"42K",VO2max!G3),"ZA",VO2max!H3),"HL",VO2max!I3) -> zagrevanje 15min@; 3x(1.5min@ + 1.5min@); hlađenje 10min@ | F26: =VLOOKUP(F13,Legenda!$A$1:$B$51,2,FALSE) -> odmor | G26: =SUBSTITUTE(SUBSTITUTE(SUBSTITUTE(SUBSTITUTE(SUBSTITUTE(SUBSTITUTE(SUBSTITUTE(SUBSTITUTE(G13,"1.5K",VO2max!B3),"3K",VO2max!C3),"5K",VO2max!D3),"10K",VO2max!E3),"21K",VO2max!F3),"42K",VO2max!G3),"ZA",VO2max!H3),"HL",VO2max!I3) -> 3k@; 3x100m ubrzanja Ubrzanja se trče po ravnoj stazi i sa snagom od 85%. U pauzi se ili hoda ili lagano trči i ne počinje se ponovo dok se potpuno ne odmori. | H26: =H13 -> Obavezno uraditi zagrevanje laganim trčanjem na samom startu barem 1km Trka: 42.2km

Sheet 42kB-templ
A1: Nedelja | B1: DAN | C1: Trening | G1: Nedelja | H1: DAN | I1: Trening
A2: 1 | B2: Ponedeljak | C2: ='42kB'!B15 -> Plivanje, bicikla, šetanje, vežbe snage, ... | G2: 1 | H2: Ponedeljak | I2: Plivanje, bicikla, šetanje, vežbe snage, ...
B3: Utorak | C3: ='42kB'!C15 -> zagrevanje 15min@7:30; 3x(8min@6:20 + 3min@7:30); hlađenje 10min@7:30 | H3: Utorak | I3: zagrevanje 15min@6:10; 3x(8min@5:00 + 3min@6:10); hlađenje 10min@6:10
B4: Sreda | C4: ='42kB'!D15 -> 5k@6:00 ili odmor | H4: Sreda | I4: 5k@6:00 i/ili trening snage
B5: Četvrtak | C5: ='42kB'!E15 -> zagrevanje 15min@7:30; 6x(800min@6:05 + 30s@7:30); hlađenje 10min@7:30 | H5: Četvrtak | I5: zagrevanje 15min@6:10; 6x(800min@4:50 + 30s@6:10); hlađenje 10min@6:10
B6: Petak | C6: ='42kB'!F15 -> 5k@6:00 ili odmor | H6: Petak | I6: 5k@6:00 i/ili trening snage
B7: Subota | C7: ='42kB'!G15 -> 5k@6:00, 4-6 x 100m ubrzanja na kraju treninga | H7: Subota | I7: 5k@6:00, 4-6 x 100m ubrzanja na kraju treninga
B8: Nedelja | C8: ='42kB'!H15 -> 14k@6:00 | H8: Nedelja | I8: 14k@6:00
A9: Nedelja | B9: DAN | C9: Trening | G9: Nedelja | H9: DAN | I9: Trening
A10: 2 | B10: Ponedeljak | C10: ='42kB'!B16 -> 5k@6:00 ili odmor | G10: 2 | H10: Ponedeljak | I10: 5k@6:00 i/ili trening snage
B11: Utorak | C11: ='42kB'!C16 -> zagrevanje 15min@7:30; 14x(200m@6:00 + 1min@7:30); hlađenje 10min@7:30 | H11: Utorak | I11: zagrevanje 15min@6:10; 14x(200m@4:40 + 1min@6:10); hlađenje 10min@6:10
B12: Sreda | C12: ='42kB'!D16 -> progresivno aerobno trčanje u 3 jednaka segmenta, od sporijeg ka bržem | H12: Sreda | I12: progresivno aerobno trčanje u 3 jednaka segmenta, od sporijeg ka bržem
B13: Četvrtak | C13: ='42kB'!E16 -> zagrevanje 15min@7:30; 2x(3k@6:20 +4min@7:30); hlađenje 10min@7:30 | H13: Četvrtak | I13: zagrevanje 15min@6:10; 2x(3k@5:00 +4min@6:10); hlađenje 10min@6:10
B14: Petak | C14: ='42kB'!F16 -> 5k@6:00 ili odmor | H14: Petak | I14: 5k@6:00 i/ili trening snage
B15: Subota | C15: ='42kB'!G16 -> progresivno aerobno trčanje u 3 jednaka segmenta, od sporijeg ka bržem | H15: Subota | I15: progresivno aerobno trčanje u 3 jednaka segmenta, od sporijeg ka bržem
B16: Nedelja | C16: ='42kB'!H16 -> 14k@6:00 | H16: Nedelja | I16: 14k@6:00
A17: Nedelja | B17: DAN | C17: Trening | G17: Nedelja | H17: DAN | I17: Trening
A18: 3 | B18: Ponedeljak | C18: ='42kB'!B17 -> Plivanje, bicikla, šetanje, vežbe snage, ... | G18: 3 | H18: Ponedeljak | I18: Plivanje, bicikla, šetanje, vežbe snage, ...
B19: Utorak | C19: ='42kB'!C17 -> zagrevanje 15min@7:30; 2x(200K@6:00 + 600m@6:05 + 1600m@6:20 + 4min@7:30) hlađenje 10min@7:30 | H19: Utorak | I19: zagrevanje 15min@6:10; 2x(200K@4:40 + 600m@4:50 + 1600m@5:00 + 4min@6:10) hlađenje 10min@6:10
B20: Sreda | C20: ='42kB'!D17 -> 5k@6:00 ili odmor | H20: Sreda | I20: 5k@6:00 i/ili trening snage
B21: Četvrtak | C21: ='42kB'!E17 -> zagrevanje 15min@7:30; 5x(1000m@6:05 + 1min@7:30) hlađenje 10min@7:30 | H21: Četvrtak | I21: zagrevanje 15min@6:10; 5x(1000m@4:50 + 1min@6:10) hlađenje 10min@6:10
B22: Petak | C22: ='42kB'!F17 -> 5k@6:00 ili odmor | H22: Petak | I22: 5k@6:00 i/ili trening snage
B23: Subota | C23: ='42kB'!G17 -> progresivno aerobno trčanje u 3 jednaka segmenta, od sporijeg ka bržem | H23: Subota | I23: progresivno aerobno trčanje u 3 jednaka segmenta, od sporijeg ka bržem
B24: Nedelja | C24: ='42kB'!H17 -> zagrevanje 10min@ZA; 60min@42K; hlađenje 10min@HL | H24: Nedelja | I24: zagrevanje 10min@ZA; 60min@42K; hlađenje 10min@HL
A25: Nedelja | B25: DAN | C25: Trening | G25: Nedelja | H25: DAN | I25: Trening
A26: 4 | B26: Ponedeljak | C26: ='42kB'!B18 -> 5k@6:00 ili odmor | G26: 4 | H26: Ponedeljak | I26: 5k@6:00 i/ili trening snage
B27: Utorak | C27: ='42kB'!C18 -> zagrevanje 15min@7:30; 3x(8min@6:20 + 2min@7:30); hlađenje 10min@7:30 | H27: Utorak | I27: zagrevanje 15min@6:10; 3x(8min@5:00 + 2min@6:10); hlađenje 10min@6:10
B28: Sreda | C28: ='42kB'!D18 -> 5k@6:00 ili odmor | H28: Sreda | I28: 5k@6:00 i/ili trening snage
B29: Četvrtak | C29: ='42kB'!E18 -> zagrevanje 15min@7:30; 3x(1600m@6:05 +1min@7:30); hlađenje 10min@7:30 | H29: Četvrtak | I29: zagrevanje 15min@6:10; 3x(1600m@4:50 +1min@6:10); hlađenje 10min@6:10
B30: Petak | C30: ='42kB'!F18 -> 5k@6:00 ili odmor | H30: Petak | I30: 5k@6:00 i/ili trening snage
B31: Subota | C31: ='42kB'!G18 -> zagrevanje 15min@7:30; 20min@6:40 hlađenje 10min@7:30 | H31: Subota | I31: zagrevanje 15min@6:10; 20min@5:15 hlađenje 10min@6:10
B32: Nedelja | C32: ='42kB'!H18 -> 14k@6:00 | H32: Nedelja | I32: 14k@6:00
A33: Nedelja | B33: DAN | C33: Trening | G33: Nedelja | H33: DAN | I33: Trening
A34: 5 | B34: Ponedeljak | C34: ='21kB'!B19 -> Plivanje, bicikla, šetanje, vežbe snage, ... | G34: 5 | H34: Ponedeljak | I34: Plivanje, bicikla, šetanje, vežbe snage, ...
B35: Utorak | C35: ='42kB'!C19 -> zagrevanje 15min@7:30; 5x(3min@6:00 +3min@7:30); hlađenje 10min@7:30 | H35: Utorak | I35: zagrevanje 15min@6:10; 5x(3min@4:40 +3min@6:10); hlađenje 10min@6:10
B36: Sreda | C36: ='42kB'!D19 -> 5k@6:00 ili odmor | H36: Sreda | I36: 5k@6:00 i/ili trening snage
B37: Četvrtak | C37: ='42kB'!E19 -> zagrevanje 15min@7:30; 7x(1000m@6:20 + 1min@7:30) hlađenje 10min@7:30 | H37: Četvrtak | I37: zagrevanje 15min@6:10; 7x(1000m@5:00 + 1min@6:10) hlađenje 10min@6:10
B38: Petak | C38: ='42kB'!F19 -> 5k@6:00 ili odmor | H38: Petak | I38: 5k@6:00 i/ili trening snage
B39: Subota | C39: ='42kB'!G19 -> odmor | H39: Subota | I39: odmor
B40: Nedelja | C40: ='42kB'!H19 -> zagrevanje 10min@ZA; 90min@42K; hlađenje 10min@HL | H40: Nedelja | I40: zagrevanje 10min@ZA; 90min@42K; hlađenje 10min@HL
A41: Nedelja | B41: DAN | C41: Trening | G41: Nedelja | H41: DAN | I41: Trening
A42: 6 | B42: Ponedeljak | C42: ='42kB'!B20 -> 5k@6:00 ili odmor | G42: 6 | H42: Ponedeljak | I42: 5k@6:00 i/ili trening snage
B43: Utorak | C43: ='42kB'!C20 -> zagrevanje 15min@7:30; 1k@6:20 + 2min@7:30+3k@6:20 + 5min@7:30 + 1k@6:20 + 2min@7:30+ 3k@6:20 + 5min@7:30 + 1k@6:20 hlađenje 10min@7:30 | H43: Utorak | I43: zagrevanje 15min@6:10; 10x(200m@4:40 + 1min@6:10); hlađenje 10min@6:10 zagrevanje 15min@6:10; 1k@5:00 + 2min@6:10+3k@5:00 + 5min@6:10 + 1k@5:00 + 2min@6:10+ 3k@5:00 + 5min@6:10 + 1k@5:00 hlađenje 10min@6:10
B44: Sreda | C44: ='42kB'!D20 -> progresivno aerobno trčanje u 3 jednaka segmenta, od sporijeg ka bržem | H44: Sreda | I44: progresivno aerobno trčanje u 3 jednaka segmenta, od sporijeg ka bržem
B45: Četvrtak | C45: ='42kB'!E20 -> zagrevanje 15min@7:30; 4x(8min@6:20 +4min@7:30); hlađenje 10min@7:30 | H45: Četvrtak | I45: zagrevanje 15min@6:10; 4x(8min@5:00 +4min@6:10); hlađenje 10min@6:10
B46: Petak | C46: ='42kB'!F20 -> 5k@6:00 ili odmor | H46: Petak | I46: 5k@6:00 i/ili trening snage
B47: Subota | C47: ='42kB'!G20 -> zagrevanje 15min@7:30; 30min@6:40 hlađenje 10min@7:30 | H47: Subota | I47: zagrevanje 15min@6:10; 30min@5:15 hlađenje 10min@6:10
B48: Nedelja | C48: ='42kB'!H20 -> 14k@6:00 | H48: Nedelja | I48: 14k@6:00
A49: Nedelja | B49: DAN | C49: Trening | G49: Nedelja | H49: DAN | I49: Trening
A50: 7 | B50: Ponedeljak | C50: ='21kB'!B21 -> Plivanje, bicikla, šetanje, vežbe snage, ... | G50: 7 | H50: Ponedeljak | I50: Plivanje, bicikla, šetanje, vežbe snage, ...
B51: Utorak | C51: ='42kB'!C21 -> zagrevanje 15min@7:30; 8x(400m@6:20 + 30sec@7:30); hlađenje 10min@7:30 | H51: Utorak | I51: zagrevanje 15min@6:10; 8x(400m@5:00 + 30sec@6:10); hlađenje 10min@6:10
B52: Sreda | C52: ='42kB'!D21 -> 5k@6:00 ili odmor | H52: Sreda | I52: 5k@6:00 i/ili trening snage
B53: Četvrtak | C53: ='42kB'!E21 -> zagrevanje 15min@7:30; 8x(200m@6:00 +1min@7:30); hlađenje 10min@7:30 | H53: Četvrtak | I53: zagrevanje 15min@6:10; 8x(200m@4:40 +1min@6:10); hlađenje 10min@6:10
B54: Petak | C54: ='42kB'!F21 -> 5k@6:00 ili odmor | H54: Petak | I54: 5k@6:00 i/ili trening snage
B55: Subota | C55: ='42kB'!G21 -> odmor | H55: Subota | I55: odmor
B56: Nedelja | C56: ='42kB'!H21 -> zagrevanje 10min@ZA; 21k@21K; hlađenje 5min@HL | H56: Nedelja | I56: zagrevanje 10min@ZA; 21k@21K; hlađenje 5min@HL
A57: Nedelja | B57: DAN | C57: Trening | G57: Nedelja | H57: DAN | I57: Trening
A58: 8 | B58: Ponedeljak | C58: ='42kB'!B22 -> 5k@6:00 ili odmor | G58: 8 | H58: Ponedeljak | I58: 5k@6:00 i/ili trening snage
B59: Utorak | C59: ='42kB'!C22 -> zagrevanje 15min@7:30; 2x(400m@6:05 + 400m@6:20 + 2400m@6:50 + 4min@7:30); hlađenje 10min@7:30 | H59: Utorak | I59: zagrevanje 15min@6:10; 2x(400m@4:50 + 400m@5:00 + 2400m@5:25 + 4min@6:10); hlađenje 10min@6:10
B60: Sreda | C60: ='42kB'!D22 -> 5k@6:00 ili odmor | H60: Sreda | I60: 5k@6:00 i/ili trening snage
B61: Četvrtak | C61: ='42kB'!E22 -> zagrevanje 15min@7:30; 6x(800m@6:05 +30sec@7:30); hlađenje 10min@7:30 | H61: Četvrtak | I61: zagrevanje 15min@6:10; 6x(800m@4:50 +30sec@6:10); hlađenje 10min@6:10
B62: Petak | C62: ='42kB'!F22 -> 5k@6:00 ili odmor | H62: Petak | I62: 5k@6:00 i/ili trening snage
B63: Subota | C63: ='42kB'!G22 -> 5k@6:00 ili odmor | H63: Subota | I63: 10k@6:00, 6x100m ubrzanja
B64: Nedelja | C64: ='42kB'!H22 -> 14k@6:00 | H64: Nedelja | I64: 14k@6:00
A65: Nedelja | B65: DAN | C65: Trening | G65: Nedelja | H65: DAN | I65: Trening
A66: 9 | B66: Ponedeljak | C66: ='42kB'!B23 -> 5k@6:00, 4-6 x 100m ubrzanja na kraju treninga | G66: 9 | H66: Ponedeljak | I66: 5k@6:00, 4-6 x 100m ubrzanja na kraju treninga
B67: Utorak | C67: ='42kB'!C23 -> zagrevanje 15min@7:30; 4x(2k@6:20 + 2min@7:30); hlađenje 10min@7:30 | H67: Utorak | I67: zagrevanje 15min@6:10; 4x(2k@5:00 + 2min@6:10); hlađenje 10min@6:10
B68: Sreda | C68: ='42kB'!D23 -> 5k@6:00 ili odmor | H68: Sreda | I68: 5k@6:00 i/ili trening snage
B69: Četvrtak | C69: ='42kB'!E23 -> zagrevanje 15min@7:30; 5x(3min@6:00 + 3min@7:30); hlađenje 10min@7:30 | H69: Četvrtak | I69: zagrevanje 15min@6:10; 5x(3min@4:40 + 3min@6:10); hlađenje 10min@6:10
B70: Petak | C70: ='42kB'!F23 -> 5k@6:00 ili odmor | H70: Petak | I70: 5k@6:00 i/ili trening snage
B71: Subota | C71: ='42kB'!G23 -> zagrevanje 10min@7:30; 2x(20min@6:40 + 5min@7:30); hlađenje 10min@7:30 | H71: Subota | I71: zagrevanje 10min@6:10; 2x(20min@5:15 + 5min@6:10); hlađenje 10min@6:10
B72: Nedelja | C72: ='42kB'!H23 -> 14k@6:00 | H72: Nedelja | I72: 14k@6:00
A73: Nedelja | B73: DAN | C73: Trening | G73: Nedelja | H73: DAN | I73: Trening
A74: 10 | B74: Ponedeljak | C74: ='42kB'!B24 -> Plivanje, bicikla, šetanje, vežbe snage, ... | G74: 10 | H74: Ponedeljak | I74: Plivanje, bicikla, šetanje, vežbe snage, ...
B75: Utorak | C75: ='42kB'!C24 -> zagrevanje 15min@7:30; 14x(200m@6:00 + 1min@7:30); hlađenje 10min@7:30 | H75: Utorak | I75: zagrevanje 15min@6:10; 14x(200m@4:40 + 1min@6:10); hlađenje 10min@6:10
B76: Sreda | C76: ='42kB'!D24 -> progresivno aerobno trčanje u 3 jednaka segmenta, od sporijeg ka bržem | H76: Sreda | I76: progresivno aerobno trčanje u 3 jednaka segmenta, od sporijeg ka bržem
B77: Četvrtak | C77: ='42kB'!E24 -> zagrevanje 15min@7:30; 3x(400m@6:05 + 400m@6:20 + 2400m@6:50 + 4min@7:30); hlađenje 10min@7:30 | H77: Četvrtak | I77: zagrevanje 15min@6:10; 3x(400m@4:50 + 400m@5:00 + 2400m@5:25 + 4min@6:10); hlađenje 10min@6:10
B78: Petak | C78: ='42kB'!F24 -> 5k@6:00 ili odmor | H78: Petak | I78: 5k@6:00 i/ili trening snage
B79: Subota | C79: ='42kB'!G24 -> zagrevanje 10min@7:30; 40min@6:40; hlađenje 10min@7:30 | H79: Subota | I79: zagrevanje 10min@6:10; 40min@5:15; hlađenje 10min@6:10
B80: Nedelja | C80: ='42kB'!H24 -> zagrevanje 10min@ZA; 120min@42K; hlađenje 10min@HL | H80: Nedelja | I80: zagrevanje 10min@ZA; 120min@42K; hlađenje 10min@HL
A81: Nedelja | B81: DAN | C81: Trening | G81: Nedelja | H81: DAN | I81: Trening
A82: 11 | B82: Ponedeljak | C82: ='42kB'!B25 -> 5k@6:00 ili odmor | G82: 11 | H82: Ponedeljak | I82: 5k@6:00 i/ili trening snage
B83: Utorak | C83: ='42kB'!C25 -> zagrevanje 15min@7:30; 3x(1600m@6:05 + 1min@7:30); hlađenje 10min@7:30 | H83: Utorak | I83: zagrevanje 15min@6:10; 3x(1600m@4:50 + 1min@6:10); hlađenje 10min@6:10
B84: Sreda | C84: ='42kB'!D25 -> 5k@6:00 ili odmor | H84: Sreda | I84: 5k@6:00 i/ili trening snage
B85: Četvrtak | C85: ='42kB'!E25 -> zagrevanje 15min@7:30; 5x(3min@6:00 + 3min@7:30); hlađenje 10min@7:30 | H85: Četvrtak | I85: zagrevanje 15min@6:10; 5x(3min@4:40 + 3min@6:10); hlađenje 10min@6:10
B86: Petak | C86: ='42kB'!F25 -> 5k@6:00 ili odmor | H86: Petak | I86: 5k@6:00 ili odmor
B87: Subota | C87: ='42kB'!G25 -> odmor | H87: Subota | I87: odmor
B88: Nedelja | C88: ='42kB'!H25 -> zagrevanje 10min@ZA; 5k@5K; hlađenje 10min@HL | H88: Nedelja | I88: zagrevanje 10min@ZA; 5k@5K; hlađenje 10min@HL
A89: Nedelja | B89: DAN | C89: Trening | G89: Nedelja | H89: DAN | I89: Trening
A90: 12 | B90: Ponedeljak | C90: ='42kB'!B26 -> odmor | G90: 12 | H90: Ponedeljak | I90: odmor
B91: Utorak | C91: ='42kB'!C26 -> zagrevanje 10min@; 20min@21K; hlađenje 10min@ | H91: Utorak | I91: zagrevanje 10min@; 20min@21K; hlađenje 10min@
B92: Sreda | C92: ='42kB'!D26 -> Plivanje, bicikla, šetanje, vežbe snage, ... | H92: Sreda | I92: Plivanje, bicikla, šetanje, vežbe snage, ...
B93: Četvrtak | C93: ='42kB'!E26 -> zagrevanje 15min@; 3x(1.5min@ + 1.5min@); hlađenje 10min@ | H93: Četvrtak | I93: zagrevanje 15min@; 3x(1.5min@ + 1.5min@); hlađenje 10min@
B94: Petak | C94: ='42kB'!F26 -> odmor | H94: Petak | I94: odmor
B95: Subota | C95: ='42kB'!G26 -> 3k@; 3x100m ubrzanja Ubrzanja se trče po ravnoj stazi i sa snagom od 85%. U pauzi se ili hoda ili lagano trči i ne počinje se ponovo dok se potpuno ne odmori. | H95: Subota | I95: 3k@; 3x100m ubrzanja Ubrzanja se trče po ravnoj stazi i sa snagom od 85%. U pauzi se ili hoda ili lagano trči i ne počinje se ponovo dok se potpuno ne odmori.
B96: Nedelja | C96: ='42kB'!H26 -> Obavezno uraditi zagrevanje laganim trčanjem na samom startu barem 1km Trka: 42.2km | H96: Nedelja | I96: Obavezno uraditi zagrevanje laganim trčanjem na samom startu barem 1km Trka: 42.2km

Sheet Legenda
A1: Skracenica | B1: Opis-ubaciti konkretne vrednosti Napomena: Ovde se ubacuju konkretne vrednosti u odnosu na klijenta I te vrednosti prate kolonu C | C1: Opis
A2: XT | B2: Plivanje, bicikla, šetanje, vežbe snage, ... | C2: Plivanje, bicikla, šetanje, vežbe snage, ...
A3: E | B3: 5k@6:00 ili odmor | C3: lagano trčanje za oporavak
A4: E1 | B4: 5k@6:00, 4-6 x 100m ubrzanja na kraju treninga | C4: lagano trčanje za oporavak uz 4-6 ubrzanja od 30sec na kraju treninga
A5: A | B5: 5k@6:00 ili odmor | C5: kontinuirano trčanje u konvezacionom aerobnom tempu
A6: A1 | B6: progresivno aerobno trčanje u 3 jednaka segmenta, od sporijeg ka bržem | C6: progresivno aerobno trčanje u 3 jednaka segmenta, od sporijeg ka bržem
A7: L | B7: 14k@6:00 | C7: dugo kontinuirano trčanje po valovitom terenu
A8: L1 | B8: 14k@6:00 | C8: dugo trčanje po valovitom terenu uz pojačanje na svakoj uzbrdici
A9: L2 | B9: 14k@6:00 | C9: aerobno trčanje 16k, zatim 16k u MP tempu, i 2k rastrčavanje
A10: Super set | B10: 10-12 x ((200m@1.5K-400m@3K)+odmor koliko je trajao set), za početnike 5-6 puta | C10: 10-12 x ((200m@1.5K-400m@3K)+odmor koliko je trajao set), za početnike 5-6 puta
A11: 800-600 superset | B11: 800m@5K + 600m@3K
A12: 400-800-3200 superset
A13: odmor | B13: odmor | C13: odmor
A14: zagrevanje 10min@ZA; 10k@10K; hlađenje 10min@HL | B14: zagrevanje 10min@ZA; 10k@10K; hlađenje 10min@HL | C14: zagrevanje 10min@ZA; 10k@10K; hlađenje 10min@HL
A15: zagrevanje 10min@ZA; 5k@5K; hlađenje 10min@HL | B15: zagrevanje 10min@ZA; 5k@5K; hlađenje 10min@HL | C15: zagrevanje 10min@ZA; 5k@5K; hlađenje 10min@HL
A16: Obavezno uraditi zagrevanje laganim trčanjem na samom startu barem 1km Trka: 21.1km | B16: Obavezno uraditi zagrevanje laganim trčanjem na samom startu barem 1km Trka: 21.1km | C16: Obavezno uraditi zagrevanje laganim trčanjem na samom startu barem 1km Trka: 21.1km
A17: zagrevanje 10min@ZA; 60min@42K; hlađenje 10min@HL | C17: zagrevanje 10min@ZA; 60min@42K; hlađenje 10min@HL
A18: zagrevanje 10min@ZA; 90min@42K; hlađenje 10min@HL | C18: zagrevanje 10min@ZA; 90min@42K; hlađenje 10min@HL
A19: zagrevanje 10min@ZA; 21k@21K; hlađenje 5min@HL | C19: zagrevanje 10min@ZA; 21k@21K; hlađenje 5min@HL
A20: zagrevanje 10min@ZA; 120min@42K; hlađenje 10min@HL | C20: zagrevanje 10min@ZA; 120min@42K; hlađenje 10min@HL
A21: zagrevanje 10min@ZA; 5k@5K; hlađenje 10min@HL | C21: zagrevanje 10min@ZA; 5k@5K; hlađenje 10min@HL
A22: Obavezno uraditi zagrevanje laganim trčanjem na samom startu barem 1km Trka: 42.2km | C22: Obavezno uraditi zagrevanje laganim trčanjem na samom startu barem 1km Trka: 42.2km
A23: zagrevanje 10min@ZA; 60min@42K; hlađenje 10min@HL | C23: zagrevanje 10min@ZA; 60min@42K; hlađenje 10min@HL
A24: zagrevanje 10min@ZA; 5k@5K; hlađenje 5min@HL | C24: zagrevanje 10min@ZA; 5k@5K; hlađenje 5min@HL
A25: zagrevanje 10min@ZA; 25min@5K; hlađenje 5min@HL | C25: zagrevanje 10min@ZA; 25min@5K; hlađenje 5min@HL
A26: Obavezno uraditi zagrevanje laganim trčanjem na samom startu barem 500m do 1km Trka: 5km | C26: Obavezno uraditi zagrevanje laganim trčanjem na samom startu barem 500m do 1km Trka: 5km

Sheet VO2maxPace
A1: Vo2max | B1: 1.5K | C1: 3K | D1: 5K | E1: 10k | F1: 21k | G1: 42k | H1: 1.5K pace | I1: 3K pace | J1: 5K pace | K1: 10kpace | L1: 21kpace | M1: 42kpace
A2: 45 | B2: 5:56 | C2: 12:40 | D2: 21:50 | E2: 45:16 | F2: 1:40:20 | G2: 3:28:26 | H2: =B2/1.5 -> 0.16481481 | I2: =C2/3 -> 0.17592593 | J2: =D2/5 -> 0.18194444 | K2: =E2/10 -> 0.18861111 | L2: =MID(TEXT(F2/21.1,"hh:mm:ss"),5,7) -> 4:45 | M2: =MID(TEXT(G2/42.2,"hh:mm:ss"),5,7) -> 4:56
A3: 46 | B3: 0.24236111 | C3: 0.51805556 | D3: 0.89236111 | E3: 44:25 | F3: 1:38:27 | G3: 3:24:39 | H3: =B3/1.5 -> 0.16157407 | I3: =C3/3 -> 0.17268519 | J3: =D3/5 -> 0.17847222 | K3: =E3/10 -> 0.18506944 | L3: =MID(TEXT(F3/21.1,"hh:mm:ss"),5,7) -> 4:40 | M3: =MID(TEXT(G3/42.2,"hh:mm:ss"),5,7) -> 4:51
A4: 31 | B4: 0.34375 | C4: 0.72708333 | D4: 29:51 | E4: 2.5854167 | F4: 0.095381944 | G4: 0.19579861 | H4: =B4/1.5 -> 0.22916667 | I4: =C4/3 -> 0.24236111 | J4: =D4/5 -> 0.24875 | K4: =E4/10 -> 0.25854167 | L4: =MID(TEXT(F4/21.1,"hh:mm:ss"),5,7) -> 6:31 | M4: =MID(TEXT(G4/42.2,"hh:mm:ss"),5,7) -> 6:41
A5: 30 | B5: 0.35416667 | C5: 0.74722222 | D5: 1.2777778 | E5: 2.6569444 | F5: 0.097962963 | G5: 0.2008912 | H5: =B5/1.5 -> 0.23611111 | I5: =C5/3 -> 0.24907407 | J5: =D5/5 -> 0.25555556 | K5: =E5/10 -> 0.26569444 | L5: =MID(TEXT(F5/21.1,"hh:mm:ss"),5,7) -> 6:41 | M5: =MID(TEXT(G5/42.2,"hh:mm:ss"),5,7) -> 6:51
A6: 32 | B6: 0.33472222 | C6: 0.70763889 | D6: 1.2118056 | E6: 2.5180556 | F6: 0.092928241 | G6: 0.19096065 | H6: =B6/1.5 -> 0.22314815 | I6: =C6/3 -> 0.23587963 | J6: =D6/5 -> 0.24236111 | K6: =E6/10 -> 0.25180556 | L6: =MID(TEXT(F6/21.1,"hh:mm:ss"),5,7) -> 6:21 | M6: =MID(TEXT(G6/42.2,"hh:mm:ss"),5,7) -> 6:31
A7: 36 | B7: 0.30138889 | C7: 0.64097222 | D7: 1.0986111 | E7: 2.2805556 | F7: 0.084247685 | G7: 0.17383102 | H7: =B7/1.5 -> 0.20092593 | I7: =C7/3 -> 0.21365741 | J7: =D7/5 -> 0.21972222 | K7: =E7/10 -> 0.22805556 | L7: =MID(TEXT(F7/21.1,"hh:mm:ss"),5,7) -> 5:45 | M7: =MID(TEXT(G7/42.2,"hh:mm:ss"),5,7) -> 5:56
A8: 38 | B8: 0.2875 | C8: 0.61180556 | D8: 1.05 | E8: 2.1784722 | F8: 0.080497685 | G8: 0.16637731 | H8: =B8/1.5 -> 0.19166667 | I8: =C8/3 -> 0.20393519 | J8: =D8/5 -> 0.21 | K8: =E8/10 -> 0.21784722 | L8: =MID(TEXT(F8/21.1,"hh:mm:ss"),5,7) -> 5:30 | M8: =MID(TEXT(G8/42.2,"hh:mm:ss"),5,7) -> 5:41
A9: 41 | B9: 0.26875 | C9: 0.57291667 | D9: 0.98472222 | E9: 2.0423611 | F9: 0.075462963 | G9: 0.15635417 | H9: =B9/1.5 -> 0.17916667 | I9: =C9/3 -> 0.19097222 | J9: =D9/5 -> 0.19694444 | K9: =E9/10 -> 0.20423611 | L9: =MID(TEXT(F9/21.1,"hh:mm:ss"),5,7) -> 5:09 | M9: =MID(TEXT(G9/42.2,"hh:mm:ss"),5,7) -> 5:20
A10: 55 | B10: 0.20625 | C10: 0.44236111 | D10: 0.76527778 | E10: 1.5875 | F10: 0.058541667 | G10: 0.1222338 | H10: =B10/1.5 -> 0.1375 | I10: =C10/3 -> 0.1474537 | J10: =D10/5 -> 0.15305556 | K10: =E10/10 -> 0.15875 | L10: =MID(TEXT(F10/21.1,"hh:mm:ss"),5,7) -> 4:00 | M10: =MID(TEXT(G10/42.2,"hh:mm:ss"),5,7) -> 4:10
A11: 48 | B11: 0.23333333 | C11: 0.49861111 | D11: 0.86041667 | E11: 1.7847222 | F11: 0.065891204 | G11: 0.1371412 | H11: =B11/1.5 -> 0.15555556 | I11: =C11/3 -> 0.1662037 | J11: =D11/5 -> 0.17208333 | K11: =E11/10 -> 0.17847222 | L11: =MID(TEXT(F11/21.1,"hh:mm:ss"),5,7) -> 4:30 | M11: =MID(TEXT(G11/42.2,"hh:mm:ss"),5,7) -> 4:41
A12: 35 | B12: 0.30902778 | C12: 0.65625 | D12: 1.125 | E12: 2.3354167 | F12: 0.086261574 | G12: 0.1778125 | H12: =B12/1.5 -> 0.20601852 | I12: =C12/3 -> 0.21875 | J12: =D12/5 -> 0.225 | K12: =E12/10 -> 0.23354167 | L12: =MID(TEXT(F12/21.1,"hh:mm:ss"),5,7) -> 5:53 | M12: =MID(TEXT(G12/42.2,"hh:mm:ss"),5,7) -> 6:04
A13: 40 | B13: 0.27430556 | C13: 0.58541667 | D13: 1.0055556 | E13: 2.0854167 | F13: 0.077071759 | G13: 0.15954861 | H13: =B13/1.5 -> 0.18287037 | I13: =C13/3 -> 0.19513889 | J13: =D13/5 -> 0.20111111 | K13: =E13/10 -> 0.20854167 | L13: =MID(TEXT(F13/21.1,"hh:mm:ss"),5,7) -> 5:16 | M13: =MID(TEXT(G13/42.2,"hh:mm:ss"),5,7) -> 5:27
A14: 50 | B14: 0.225 | C14: 0.48125 | D14: 0.83125 | E14: 1.7229167 | F14: 0.063599537 | G14: 0.13251157 | H14: =B14/1.5 -> 0.15 | I14: =C14/3 -> 0.16041667 | J14: =D14/5 -> 0.16625 | K14: =E14/10 -> 0.17229167 | L14: =MID(TEXT(F14/21.1,"hh:mm:ss"),5,7) -> 4:20 | M14: =MID(TEXT(G14/42.2,"hh:mm:ss"),5,7) -> 4:31
A15: 52 | B15: 0.21736111 | C15: 0.46458333 | D15: 0.80347222 | E15: 1.6659722 | F15: 0.061469907 | G15: 0.12819444 | H15: =B15/1.5 -> 0.14490741 | I15: =C15/3 -> 0.15486111 | J15: =D15/5 -> 0.16069444 | K15: =E15/10 -> 0.16659722 | L15: =MID(TEXT(F15/21.1,"hh:mm:ss"),5,7) -> 4:12 | M15: =MID(TEXT(G15/42.2,"hh:mm:ss"),5,7) -> 4:22

Sheet VO2max
A1: vo2max | B1: 1.5k | C1: 3K | D1: 5K | E1: 10k | F1: 21k | G1: 42k | H1: ZA | I1: HL
A2: 40 | B2: =MID(TEXT(B6,"hh:mm:ss AM/PM"),2,4) -> 5:40 | C2: =MID(TEXT(C6,"hh:mm:ss AM/PM"),2,4) -> 6:00 | D2: =MID(TEXT(D6,"hh:mm:ss AM/PM"),2,4) -> 6:05 | E2: =MID(TEXT(E6,"hh:mm:ss AM/PM"),2,4) -> 6:20 | F2: =MID(TEXT(F6,"hh:mm:ss AM/PM"),2,4) -> 6:40 | G2: =MID(TEXT(G6,"hh:mm:ss AM/PM"),2,4) -> 6:50 | H2: =MID(TEXT(H6,"hh:mm:ss AM/PM"),2,4) -> 7:30 | I2: =MID(TEXT(I6,"hh:mm:ss AM/PM"),2,4) -> 7:30 | K2: Ova vrsta se automatski generise na osnovu 6. vrste i iz ove vrste se u zimaju podaci na dalju obradu i prikaz
A4: 30 | B4: =MID(TEXT(VLOOKUP(A4,VO2maxPace!$A$1:$M$50,8,FALSE),"hh:mm:ss AM/PM"),2,4) -> 5:40 | C4: =MID(TEXT(VLOOKUP(A4,VO2maxPace!$A$1:$M$50,9,FALSE),"hh:mm:ss AM/PM"),2,4) -> 5:58 | D4: =MID(TEXT(VLOOKUP(A4,VO2maxPace!$A$1:$M$50,10,FALSE),"hh:mm:ss AM/PM"),2,4) -> 6:08 | E4: =MID(TEXT(VLOOKUP(A4,VO2maxPace!$A$1:$M$50,11,FALSE),"hh:mm:ss AM/PM"),2,4) -> 6:22 | F4: =MID(TEXT(VLOOKUP(A4,VO2maxPace!$A$1:$M$50,12,FALSE),"hh:mm:ss AM/PM"),2,4) -> 6:41 | G4: =MID(TEXT(VLOOKUP(A4,VO2maxPace!$A$1:$M$50,13,FALSE),"hh:mm:ss AM/PM"),2,4) -> 6:51 | H4: =MID(TEXT(VLOOKUP(A4,Intenzitet!$A$1:$C$50,2,FALSE),"hh:mm:ss AM/PM"),2,4) -> 7:10 | I4: =MID(TEXT(VLOOKUP(A4,Intenzitet!$A$1:$C$50,2,FALSE),"hh:mm:ss AM/PM"),2,4) -> 7:10 | K4: NAPOMENA: U A4 se unosi VO2max I na osnovu njega se odredjuju ostale vrednosti. U intenzitet treba uneti vrednosti
B6: 0.23611111 | C6: 0.25 | D6: 0.25347222 | E6: 0.26388889 | F6: 0.27777778 | G6: 0.28472222 | H6: 0.3125 | I6: 0.3125 | K6: U ovoj vrsti se ručno promene vrednosti da bi se zaokružio pace i to ja procenjujem na osnovu upitnika klijenta A vrednosti su unesene rucno na osnovu podataka iz 4. vrste

Sheet Intenzitet
A1: VO2max | B1: E/L 1000m | C1: T 400m
A2: 30 | B2: 0.29861111 | C2: 0.097222222

Sheet Sheet1
A1: 1
A2: Plivanje, bicikla, šetanje, vežbe snage, ...
A3: zagrevanje 15min@5:34; 2x(10min@4:31 +4min@5:34); hlađenje 10min@5:34
A4: kontinuirano trčanje u konvezacijskom aerobnom tempu
A5: zagrevanje 15min@5:34; 8x(400min@4:22 +1min@5:34); hlađenje 10min@5:34
A6: lagano trčanje za oporavak
A7: zagrevanje 15min@5:34; 1x30min@21K; hlađenje 10min@5:34
